timestamp,flow,other_feature1,other_feature2
2023-01-01 00:00:00,44,5.472328947426479,3.6992065554622897
2023-01-01 00:03:00,11,5.748545163028203,3.9771454965448343
2023-01-01 00:06:00,27,5.627927750415736,3.965914155517198
2023-01-01 00:09:00,25,5.0570749624049585,3.246953347526991
2023-01-01 00:12:00,44,5.120182434666349,3.327656085887314
2023-01-01 00:15:00,36,5.013547446150481,3.9758415582580087
2023-01-01 00:18:00,21,5.933961956385945,3.333955349660147
2023-01-01 00:21:00,21,5.317766613744178,3.9533428176716567
2023-01-01 00:24:00,42,5.003580831527433,3.5026166547059203
2023-01-01 00:27:00,41,5.397643676189756,3.2672933780565674
2023-01-01 00:30:00,34,5.820122976835722,3.3915697018350928
2023-01-01 00:33:00,28,5.036959871439561,3.0007705856610123
2023-01-01 00:36:00,10,5.906168233048528,3.9143537373576907
2023-01-01 00:39:00,15,5.794209922790082,3.076648380397981
2023-01-01 00:42:00,42,5.711109428493649,3.666173572563254
2023-01-01 00:45:00,15,5.477663985580603,3.147489588944392
2023-01-01 00:48:00,28,5.4809314627129275,3.8563752846446966
2023-01-01 00:51:00,21,5.3443002466485225,3.9856871536125595
2023-01-01 00:54:00,20,5.203679952238477,3.246389564027656
2023-01-01 00:57:00,40,5.115598700407432,3.673396044963396
2023-01-01 01:00:00,15,5.859101302083825,3.191393388928544
2023-01-01 01:03:00,34,5.28514679478783,3.2425063843210498
2023-01-01 01:06:00,34,5.359304791238302,3.1407660918020106
2023-01-01 01:09:00,45,5.823879745448682,3.8361208292395808
2023-01-01 01:12:00,23,5.654407595447883,3.5887247659341632
2023-01-01 01:15:00,18,5.384780041323807,3.581181134646759
2023-01-01 01:18:00,35,5.661903171915896,3.449319355542642
2023-01-01 01:21:00,46,5.172844909385963,3.257414861248551
2023-01-01 01:24:00,17,5.108128587577399,3.952081088470093
2023-01-01 01:27:00,32,5.84155730144961,3.37425364067348
2023-01-01 01:30:00,20,5.854532133106282,3.3148729633838006
2023-01-01 01:33:00,24,5.135094241653119,3.432299573683096
2023-01-01 01:36:00,18,5.753916152357608,3.826299853333946
2023-01-01 01:39:00,35,5.529262396204776,3.793825690356372
2023-01-01 01:42:00,17,5.326100933218145,3.954468058976587
2023-01-01 01:45:00,38,5.208183899844551,3.689260446279151
2023-01-01 01:48:00,30,5.810382194681232,3.693359382434287
2023-01-01 01:51:00,29,5.538207257634208,3.870186472861657
2023-01-01 01:54:00,12,5.569162454545628,3.549375617300462
2023-01-01 01:57:00,23,5.0467832883984745,3.375827540195922
2023-01-01 02:00:00,28,5.0516974152332565,3.556718705231456
2023-01-01 02:03:00,11,5.6274237395199,3.7618068595428564
2023-01-01 02:06:00,48,5.259171525648862,3.1866230494068124
2023-01-01 02:09:00,42,5.783675465779971,3.3774449631292907
2023-01-01 02:12:00,45,5.5116797847497025,3.9685130943427507
2023-01-01 02:15:00,15,5.623734632308954,3.0145301432233214
2023-01-01 02:18:00,37,5.720676281100177,3.6142936107437458
2023-01-01 02:21:00,32,5.163028157770682,3.9327511102160866
2023-01-01 02:24:00,32,5.865416209909867,3.829707857851444
2023-01-01 02:27:00,10,5.580115493833177,3.0652506165512183
2023-01-01 02:30:00,19,5.379576868520328,3.816718132016717
2023-01-01 02:33:00,38,5.056433084709839,3.3069388628231517
2023-01-01 02:36:00,41,5.578556016115962,3.4139782682075737
2023-01-01 02:39:00,13,5.02328950427764,3.9851214088793165
2023-01-01 02:42:00,40,5.679167260887808,3.4963503780352436
2023-01-01 02:45:00,12,5.143204360223218,3.690154835798576
2023-01-01 02:48:00,39,5.966321066176066,3.5555021666139632
2023-01-01 02:51:00,41,5.63234839425397,3.5531916466816345
2023-01-01 02:54:00,37,5.679997540956071,3.8847822887896903
2023-01-01 02:57:00,22,5.1966325584355175,3.168590994034181
2023-01-01 03:00:00,31,5.74537300370766,3.8636296244148736
2023-01-01 03:03:00,27,5.288937703888797,3.550965870278311
2023-01-01 03:06:00,31,5.981837931087801,3.6668155786238206
2023-01-01 03:09:00,33,5.600326343893836,3.7941226960109997
2023-01-01 03:12:00,13,5.245178355041423,3.922444868055745
2023-01-01 03:15:00,26,5.705139578180532,3.661062012019858
2023-01-01 03:18:00,32,5.272594510224666,3.1796576284768268
2023-01-01 03:21:00,48,5.831809777892764,3.2872867417444507
2023-01-01 03:24:00,35,5.172634692337057,3.5407408408304093
2023-01-01 03:27:00,20,5.15593813557727,3.636518137992978
2023-01-01 03:30:00,26,5.744033342172492,3.7843230323506094
2023-01-01 03:33:00,27,5.551895889496756,3.9378807765588117
2023-01-01 03:36:00,29,5.807194427575725,3.0166902764756465
2023-01-01 03:39:00,26,5.25096513884117,3.9169199865485314
2023-01-01 03:42:00,49,5.98872269027837,3.7303520138155157
2023-01-01 03:45:00,10,5.084391319859826,3.4892603461772045
2023-01-01 03:48:00,32,5.819350291833349,3.7110481755417735
2023-01-01 03:51:00,46,5.614131894052865,3.3990214509787506
2023-01-01 03:54:00,49,5.814703860184383,3.205367291055608
2023-01-01 03:57:00,25,5.159043278681422,3.218010326904064
2023-01-01 04:00:00,20,5.400725483630888,3.216954848772949
2023-01-01 04:03:00,25,5.881327084083237,3.7398610224491553
2023-01-01 04:06:00,11,5.414923159490291,3.8438083387050863
2023-01-01 04:09:00,22,5.403200038889276,3.2421890689667716
2023-01-01 04:12:00,20,5.411831987717749,3.3739079302700627
2023-01-01 04:15:00,25,5.85456706815816,3.983764202031891
2023-01-01 04:18:00,10,5.840060525478398,3.1738290890815746
2023-01-01 04:21:00,27,5.982753423601965,3.432767647604339
2023-01-01 04:24:00,19,5.850990730617701,3.332610869591063
2023-01-01 04:27:00,15,5.746060885951741,3.2174662461728984
2023-01-01 04:30:00,47,5.394186714333904,3.7805846556864258
2023-01-01 04:33:00,14,5.970576732795207,3.8128031565948737
2023-01-01 04:36:00,13,5.237833283760105,3.4245136581797406
2023-01-01 04:39:00,13,5.862508802344008,3.0167779823548106
2023-01-01 04:42:00,23,5.787030033123534,3.5159996939137885
2023-01-01 04:45:00,47,5.240573708980549,3.916569194259503
2023-01-01 04:48:00,10,5.939012260488076,3.4074738059210232
2023-01-01 04:51:00,34,5.375675455340559,3.3997054998505583
2023-01-01 04:54:00,39,5.928606084108617,3.593810086044159
2023-01-01 04:57:00,14,5.994958643065505,3.2625930913300754
2023-01-01 05:00:00,22,5.417298713837075,3.336063837930464
2023-01-01 05:03:00,33,5.138573207591411,3.527145922814909
2023-01-01 05:06:00,44,5.8813462035001205,3.350645002069816
2023-01-01 05:09:00,29,5.923128388360705,3.2841616720581475
2023-01-01 05:12:00,17,5.5131016629083245,3.614261781497108
2023-01-01 05:15:00,26,5.545709565295551,3.2087577339030293
2023-01-01 05:18:00,47,5.389585529695198,3.383464197087678
2023-01-01 05:21:00,10,5.618401005327893,3.0925221329541457
2023-01-01 05:24:00,15,5.668267439770305,3.6650198840990047
2023-01-01 05:27:00,29,5.57144395612008,3.7936254024811564
2023-01-01 05:30:00,47,5.274839738695059,3.4590464797178138
2023-01-01 05:33:00,13,5.6647970966242855,3.7803308733356404
2023-01-01 05:36:00,13,5.29501735393435,3.9429899812022
2023-01-01 05:39:00,33,5.6355125105218935,3.1767441352145127
2023-01-01 05:42:00,41,5.973264324937606,3.6974372709046084
2023-01-01 05:45:00,13,5.900425764216871,3.5588940249825
2023-01-01 05:48:00,20,5.4629818619211825,3.681245296048303
2023-01-01 05:51:00,36,5.021433780114319,3.9773927335162202
2023-01-01 05:54:00,40,5.139626939278988,3.1693959662108027
2023-01-01 05:57:00,14,5.576227617637316,3.0104057770488755
2023-01-01 06:00:00,40,5.036239117038479,3.7767200541445183
2023-01-01 06:03:00,24,5.9099278519786,3.8593789978397446
2023-01-01 06:06:00,28,5.056942254572887,3.4872803243182546
2023-01-01 06:09:00,41,5.783515194321193,3.0170961063108708
2023-01-01 06:12:00,18,5.032232030621491,3.980865218516158
2023-01-01 06:15:00,22,5.999974233734038,3.0197046788089823
2023-01-01 06:18:00,32,5.272684436660851,3.4286758956953416
2023-01-01 06:21:00,16,5.888657444166476,3.8251657476805545
2023-01-01 06:24:00,48,5.072935302481762,3.2632191231064027
2023-01-01 06:27:00,21,5.012027582941168,3.795927981185547
2023-01-01 06:30:00,45,5.053448816707007,3.5874490837137363
2023-01-01 06:33:00,34,5.46287797272093,3.8828582632616344
2023-01-01 06:36:00,35,5.8534120838627635,3.6308459723962714
2023-01-01 06:39:00,32,5.135837461350914,3.3244446927030573
2023-01-01 06:42:00,10,5.436130527815162,3.418861449734475
2023-01-01 06:45:00,16,5.908622840198443,3.462883515254916
2023-01-01 06:48:00,46,5.185736090734183,3.9291930483156765
2023-01-01 06:51:00,34,5.216549071330312,3.196256851470799
2023-01-01 06:54:00,12,5.007414779508827,3.259404773881649
2023-01-01 06:57:00,42,5.600216348302478,3.0488505228054095
2023-01-01 07:00:00,44,5.697114583360139,3.711657992534657
2023-01-01 07:03:00,38,5.938331851505815,3.7748994958194317
2023-01-01 07:06:00,18,5.494246954240104,3.843096157105608
2023-01-01 07:09:00,21,5.437206452709429,3.936412379199669
2023-01-01 07:12:00,19,5.439155119821116,3.0709243504478416
2023-01-01 07:15:00,41,5.9020656866400145,3.064042166253606
2023-01-01 07:18:00,13,5.123044276745274,3.9997936930764464
2023-01-01 07:21:00,49,5.803333968649988,3.3182165659814187
2023-01-01 07:24:00,32,5.736074124815435,3.8435541004822573
2023-01-01 07:27:00,46,5.846621228526066,3.2405490636582774
2023-01-01 07:30:00,23,5.59275274813152,3.4163538941690597
2023-01-01 07:33:00,32,5.7240675083813795,3.9839875544375984
2023-01-01 07:36:00,20,5.260271237461799,3.6509802562433
2023-01-01 07:39:00,38,5.57738774860644,3.9312001452530425
2023-01-01 07:42:00,31,5.733810951616587,3.247254345139583
2023-01-01 07:45:00,10,5.426181013370061,3.3386308270346094
2023-01-01 07:48:00,14,5.051928448192392,3.173173390609917
2023-01-01 07:51:00,48,5.23145501160856,3.370221808556573
2023-01-01 07:54:00,29,5.373908216661509,3.224296452734819
2023-01-01 07:57:00,38,5.725587256937727,3.526152820613445
2023-01-01 08:00:00,48,5.973276857090264,3.181580079876981
2023-01-01 08:03:00,15,5.440419067205209,3.5986901031263483
2023-01-01 08:06:00,38,5.7202753821512795,3.135104763484426
2023-01-01 08:09:00,41,5.47662677696948,3.688365806603075
2023-01-01 08:12:00,43,5.155541087287309,3.8828303267650077
2023-01-01 08:15:00,32,5.191333458753792,3.043140056814547
2023-01-01 08:18:00,34,5.9221673279044,3.2294071714398216
2023-01-01 08:21:00,41,5.80100558245134,3.334716208355903
2023-01-01 08:24:00,35,5.315052426794495,3.9765567978434966
2023-01-01 08:27:00,31,5.338858170644599,3.520733519815331
2023-01-01 08:30:00,17,5.02640806373862,3.816778671006573
2023-01-01 08:33:00,26,5.338537525810507,3.502566994205567
2023-01-01 08:36:00,20,5.090740422194674,3.2268418052094208
2023-01-01 08:39:00,14,5.813564946805015,3.622057148660473
2023-01-01 08:42:00,47,5.261500077870548,3.0417102505382814
2023-01-01 08:45:00,48,5.199445440920313,3.7716282582636182
2023-01-01 08:48:00,24,5.83132534083442,3.8304698359794704
2023-01-01 08:51:00,19,5.455559413770341,3.59858710937099
2023-01-01 08:54:00,29,5.125463378914659,3.1109893416658956
2023-01-01 08:57:00,45,5.507761056888864,3.5813397082545952
2023-01-01 09:00:00,23,5.207754971940443,3.5637142939737143
2023-01-01 09:03:00,36,5.61780204257256,3.3981910698838145
2023-01-01 09:06:00,11,5.7449760712777875,3.874914075128749
2023-01-01 09:09:00,29,5.931399647272977,3.283904760409964
2023-01-01 09:12:00,48,5.304500840086247,3.6226341675074774
2023-01-01 09:15:00,11,5.464732813324058,3.817576825653213
2023-01-01 09:18:00,34,5.459071675863502,3.2217990802033594
2023-01-01 09:21:00,15,5.271740499696098,3.3650164744917
2023-01-01 09:24:00,36,5.185393960741243,3.828164635152511
2023-01-01 09:27:00,24,5.254204224835261,3.61636171222661
2023-01-01 09:30:00,19,5.785699680912046,3.1266333853658645
2023-01-01 09:33:00,14,5.64003857233516,3.8148885812799014
2023-01-01 09:36:00,35,5.57060343187049,3.429129134966693
2023-01-01 09:39:00,27,5.112914116192733,3.7935574679845905
2023-01-01 09:42:00,34,5.314084707294688,3.4740062375413814
2023-01-01 09:45:00,18,5.625873006243762,3.5849780248439815
2023-01-01 09:48:00,36,5.245088441915938,3.909214911224262
2023-01-01 09:51:00,14,5.209906960630394,3.4830226441991656
2023-01-01 09:54:00,45,5.537473863689516,3.1720722363097718
2023-01-01 09:57:00,47,5.613927362366952,3.21941357034937
2023-01-01 10:00:00,28,5.147976261235837,3.363687098399353
2023-01-01 10:03:00,46,5.129676715123562,3.169588894564159
2023-01-01 10:06:00,26,5.369019373916608,3.922364937892034
2023-01-01 10:09:00,11,5.348775248246464,3.436899317341015
2023-01-01 10:12:00,22,5.699282004660304,3.670134576452527
2023-01-01 10:15:00,36,5.834008801658879,3.4424213644077035
2023-01-01 10:18:00,27,5.073735672867145,3.751353165862455
2023-01-01 10:21:00,24,5.0226521676597375,3.7596749499578
2023-01-01 10:24:00,19,5.160517321850221,3.627567501389125
2023-01-01 10:27:00,42,5.311396908226651,3.286302213726231
2023-01-01 10:30:00,40,5.1444506768295115,3.686602181932323
2023-01-01 10:33:00,18,5.3907325437758695,3.459901186520565
2023-01-01 10:36:00,34,5.925471326634857,3.900748861878558
2023-01-01 10:39:00,42,5.666308161233702,3.4280996833423343
2023-01-01 10:42:00,24,5.994764996616351,3.3037315819712445
2023-01-01 10:45:00,32,5.282341194580914,3.3589388502611914
2023-01-01 10:48:00,40,5.283031728142591,3.6190731670336493
2023-01-01 10:51:00,46,5.339799160334739,3.754410121871534
2023-01-01 10:54:00,17,5.652263641738362,3.292061488919627
2023-01-01 10:57:00,22,5.465542113461617,3.076792239010307
2023-01-01 11:00:00,27,5.39653920304773,3.750817990119253
2023-01-01 11:03:00,44,5.471301963839534,3.0046973986205074
2023-01-01 11:06:00,26,5.32906237790408,3.06629830336278
2023-01-01 11:09:00,39,5.032693615288084,3.8793988097203753
2023-01-01 11:12:00,22,5.632821370414725,3.0476782334270807
2023-01-01 11:15:00,46,5.473408775204067,3.723939712739602
2023-01-01 11:18:00,24,5.45127212507898,3.3488807644328467
2023-01-01 11:21:00,49,5.716227123341358,3.6287009366943996
2023-01-01 11:24:00,35,5.981786619254081,3.7174596133161875
2023-01-01 11:27:00,39,5.8161124228454035,3.0374513885357293
2023-01-01 11:30:00,10,5.605979158890136,3.0595919224847843
2023-01-01 11:33:00,44,5.739151877766118,3.708423796556375
2023-01-01 11:36:00,32,5.471638285679198,3.930133945663824
2023-01-01 11:39:00,40,5.9157036919176464,3.675699387103433
2023-01-01 11:42:00,12,5.398296873962184,3.7271567211327623
2023-01-01 11:45:00,22,5.002774619538342,3.984513625380935
2023-01-01 11:48:00,33,5.875598220736039,3.8915715626899017
2023-01-01 11:51:00,38,5.489199362170275,3.0931196695311614
2023-01-01 11:54:00,10,5.223593594356467,3.990926730265611
2023-01-01 11:57:00,20,5.221873462950922,3.627329557127523
2023-01-01 12:00:00,19,5.536162703407007,3.8258758828228774
2023-01-01 12:03:00,17,5.984676667635646,3.3668582665606275
2023-01-01 12:06:00,38,5.254650551291328,3.6775605573815113
2023-01-01 12:09:00,20,5.22621503092545,3.156567727658153
2023-01-01 12:12:00,36,5.866937381561354,3.2950973194773154
2023-01-01 12:15:00,12,5.866483396036964,3.904849830031389
2023-01-01 12:18:00,12,5.313133289103011,3.5306286483273066
2023-01-01 12:21:00,21,5.992616163640609,3.51894261380896
2023-01-01 12:24:00,14,5.808309402106499,3.324197121978392
2023-01-01 12:27:00,13,5.58506257642093,3.397343985328899
2023-01-01 12:30:00,32,5.180852599263311,3.548557395631353
2023-01-01 12:33:00,34,5.776989031088995,3.7749762514901812
2023-01-01 12:36:00,25,5.417132751281096,3.2564981222846074
2023-01-01 12:39:00,11,5.277073685765964,3.910831683000469
2023-01-01 12:42:00,39,5.85949901746577,3.6652179087937906
2023-01-01 12:45:00,43,5.430554654115353,3.2756964688086243
2023-01-01 12:48:00,42,5.013343441621647,3.660349749497115
2023-01-01 12:51:00,10,5.920174311651491,3.7383029742426053
2023-01-01 12:54:00,42,5.967848203560481,3.956578268881569
2023-01-01 12:57:00,17,5.951031272507853,3.217325868420074
2023-01-01 13:00:00,24,5.212591392277123,3.7506841692923665
2023-01-01 13:03:00,13,5.5551888925331845,3.41660702048134
2023-01-01 13:06:00,23,5.2794716052286725,3.3531583135604386
2023-01-01 13:09:00,10,5.163422747423957,3.715692405065268
2023-01-01 13:12:00,23,5.416846615303936,3.0370197454467935
2023-01-01 13:15:00,37,5.927648337812846,3.218273471089676
2023-01-01 13:18:00,29,5.899527962971038,3.420117474391903
2023-01-01 13:21:00,17,5.31571976707629,3.9962322054644988
2023-01-01 13:24:00,24,5.974991388082335,3.957976690552099
2023-01-01 13:27:00,27,5.247581381692142,3.1106866981052548
2023-01-01 13:30:00,13,5.863859145052237,3.7279727864757772
2023-01-01 13:33:00,42,5.047158986710352,3.8281756842878076
2023-01-01 13:36:00,44,5.033456180316153,3.987216379185965
2023-01-01 13:39:00,44,5.7436542895311335,3.7703786666233383
2023-01-01 13:42:00,28,5.2257986339201965,3.2659117166188407
2023-01-01 13:45:00,48,5.398990943917177,3.7997687750794626
2023-01-01 13:48:00,21,5.2895170919007946,3.9936482858268887
2023-01-01 13:51:00,40,5.459847632043812,3.8963556465358007
2023-01-01 13:54:00,27,5.620893031329333,3.874556952455392
2023-01-01 13:57:00,24,5.49001077369224,3.6409568626354774
2023-01-01 14:00:00,29,5.365084724730715,3.417999248772048
2023-01-01 14:03:00,32,5.6048634879489745,3.7460048759741364
2023-01-01 14:06:00,24,5.061261511368803,3.2074729501321255
2023-01-01 14:09:00,43,5.039326741370411,3.407286180760102
2023-01-01 14:12:00,44,5.918480042152708,3.500341106106248
2023-01-01 14:15:00,39,5.807944926332722,3.4484594657448073
2023-01-01 14:18:00,36,5.418763929293323,3.7210197232895585
2023-01-01 14:21:00,24,5.461414026148716,3.8607268380073965
2023-01-01 14:24:00,38,5.857080204493157,3.7459170198899656
2023-01-01 14:27:00,44,5.3893052451343895,3.3089948041891386
2023-01-01 14:30:00,14,5.168628983593257,3.9111460714112556
2023-01-01 14:33:00,10,5.569380143667189,3.0310404145247243
2023-01-01 14:36:00,43,5.85946544677639,3.2442663940476137
2023-01-01 14:39:00,49,5.520977096686141,3.073296016330438
2023-01-01 14:42:00,31,5.93265969633914,3.8944522575243665
2023-01-01 14:45:00,48,5.810248523691306,3.8774609897828443
2023-01-01 14:48:00,27,5.326138958894282,3.370813109566803
2023-01-01 14:51:00,42,5.527331567056887,3.1765432575822805
2023-01-01 14:54:00,18,5.813373999528118,3.243490954411892
2023-01-01 14:57:00,40,5.182018004960879,3.396248157461889
2023-01-01 15:00:00,31,5.951982724666182,3.744819375716448
2023-01-01 15:03:00,34,5.648165738197284,3.65704475668532
2023-01-01 15:06:00,19,5.88884536580863,3.6144883137163886
2023-01-01 15:09:00,23,5.336651266824821,3.621123590243303
2023-01-01 15:12:00,39,5.0025577864850455,3.2489148046607683
2023-01-01 15:15:00,27,5.256383056872648,3.6971253426767268
2023-01-01 15:18:00,41,5.588377487874119,3.115811219465948
2023-01-01 15:21:00,25,5.00277869787087,3.266178132916487
2023-01-01 15:24:00,19,5.258036672533312,3.4158624708845258
2023-01-01 15:27:00,20,5.59149804064991,3.219892382474285
2023-01-01 15:30:00,40,5.899268231234443,3.015266205392919
2023-01-01 15:33:00,47,5.375797409643539,3.4810504790393884
2023-01-01 15:36:00,34,5.992105195517072,3.777619894856999
2023-01-01 15:39:00,46,5.20246701989215,3.0887863321426017
2023-01-01 15:42:00,20,5.993191740159224,3.3128903643295127
2023-01-01 15:45:00,31,5.729547703983115,3.0364608747428985
2023-01-01 15:48:00,44,5.357773544024709,3.310509352017893
2023-01-01 15:51:00,14,5.599994984818971,3.9351915818317433
2023-01-01 15:54:00,49,5.806465185762992,3.167710346971941
2023-01-01 15:57:00,31,5.996178680847825,3.009786972195447
2023-01-01 16:00:00,15,5.454139788319424,3.3561470968318243
2023-01-01 16:03:00,48,5.064688757966834,3.2163129356489146
2023-01-01 16:06:00,19,5.248742853632953,3.065274624327959
2023-01-01 16:09:00,47,5.948642190387169,3.9351834206301493
2023-01-01 16:12:00,19,5.0036494396627065,3.769152495269358
2023-01-01 16:15:00,11,5.240426897530432,3.9870302586061945
2023-01-01 16:18:00,36,5.025917145537215,3.2251451633170936
2023-01-01 16:21:00,18,5.017658077712832,3.4253634906403403
2023-01-01 16:24:00,16,5.041994405266466,3.831192184498015
2023-01-01 16:27:00,35,5.09764598092074,3.0781818629178153
2023-01-01 16:30:00,34,5.138073814152854,3.0522799770561306
2023-01-01 16:33:00,36,5.474275297985747,3.764924753105988
2023-01-01 16:36:00,34,5.495872420828867,3.1326580207691097
2023-01-01 16:39:00,27,5.65871712090508,3.6621911441393467
2023-01-01 16:42:00,13,5.299971328962236,3.3921793692635362
2023-01-01 16:45:00,39,5.95056666688389,3.205823403044527
2023-01-01 16:48:00,14,5.866942293621191,3.5565284216014263
2023-01-01 16:51:00,12,5.763634090784489,3.4376173255313276
2023-01-01 16:54:00,13,5.555331075451138,3.618257915226441
2023-01-01 16:57:00,32,5.291091825078261,3.1347422082500542
2023-01-01 17:00:00,15,5.364078253521951,3.2334501266709035
2023-01-01 17:03:00,19,5.1320942610237905,3.771624452192106
2023-01-01 17:06:00,20,5.9558576701217385,3.319430575470972
2023-01-01 17:09:00,13,5.810451535267949,3.880149279100833
2023-01-01 17:12:00,37,5.899708517722735,3.648814324935616
2023-01-01 17:15:00,48,5.40387590190432,3.7503419478632827
2023-01-01 17:18:00,17,5.274425230766252,3.8822798909834138
2023-01-01 17:21:00,27,5.017121719587574,3.574235360223716
2023-01-01 17:24:00,48,5.492744301532919,3.9366069859935386
2023-01-01 17:27:00,23,5.746084129811178,3.8465030808971648
2023-01-01 17:30:00,44,5.576011273838097,3.863086638328601
2023-01-01 17:33:00,21,5.459181664703484,3.1474328897812525
2023-01-01 17:36:00,41,5.9280986488740455,3.5487729143220275
2023-01-01 17:39:00,18,5.811777841444233,3.1925227236434774
2023-01-01 17:42:00,13,5.7093907751120225,3.228803823312572
2023-01-01 17:45:00,36,5.63678800803298,3.51387964926499
2023-01-01 17:48:00,29,5.954563585516567,3.92370072869975
2023-01-01 17:51:00,48,5.612785960487392,3.28133820523603
2023-01-01 17:54:00,10,5.24931616985725,3.7106102570818607
2023-01-01 17:57:00,34,5.651480155535194,3.2205606485117304
2023-01-01 18:00:00,38,5.174063992691522,3.210838866848235
2023-01-01 18:03:00,15,5.107664800716651,3.134832142321381
2023-01-01 18:06:00,24,5.220228354179794,3.3100314103952018
2023-01-01 18:09:00,12,5.17799383530114,3.384843587067082
2023-01-01 18:12:00,42,5.435321116507819,3.794390396190554
2023-01-01 18:15:00,23,5.027537341643535,3.2979207625702034
2023-01-01 18:18:00,37,5.404124434854406,3.3914819862523755
2023-01-01 18:21:00,14,5.390532625626099,3.843226846024349
2023-01-01 18:24:00,24,5.961093961101426,3.889492051408194
2023-01-01 18:27:00,17,5.175096144453702,3.716095272163262
2023-01-01 18:30:00,22,5.777874433765405,3.6679408488981458
2023-01-01 18:33:00,32,5.900726311435539,3.0169652436144645
2023-01-01 18:36:00,24,5.29342799701058,3.0052681156663836
2023-01-01 18:39:00,22,5.8549601912046425,3.7470771276252925
2023-01-01 18:42:00,48,5.018318394562095,3.771148074224332
2023-01-01 18:45:00,38,5.094564827283849,3.991893513391383
2023-01-01 18:48:00,23,5.28585333178524,3.7150452679982156
2023-01-01 18:51:00,37,5.2245433200615174,3.168960845126498
2023-01-01 18:54:00,18,5.194422443690736,3.5258277016613855
2023-01-01 18:57:00,47,5.62043115828541,3.9551502225955666
2023-01-01 19:00:00,34,5.854926948728934,3.399983979804301
2023-01-01 19:03:00,12,5.691876616842945,3.933780158272983
2023-01-01 19:06:00,38,5.143571388846293,3.376325167553955
2023-01-01 19:09:00,25,5.156427319928064,3.6471522903325253
2023-01-01 19:12:00,48,5.544045893798725,3.5793498682053326
2023-01-01 19:15:00,16,5.991700445815408,3.395727877799869
2023-01-01 19:18:00,22,5.31469801815735,3.760247537143321
2023-01-01 19:21:00,41,5.05733313212652,3.5382680302164893
2023-01-01 19:24:00,39,5.586189063755042,3.9206504673505176
2023-01-01 19:27:00,15,5.930655391166038,3.1713489309470067
2023-01-01 19:30:00,45,5.901954865385781,3.0684438526970776
2023-01-01 19:33:00,43,5.052953006607163,3.7728305766817907
2023-01-01 19:36:00,24,5.079818620365123,3.7299320880222044
2023-01-01 19:39:00,48,5.544497803152852,3.9645614868086443
2023-01-01 19:42:00,36,5.289411769675534,3.7097569822979586
2023-01-01 19:45:00,20,5.84763563768254,3.6009727399915032
2023-01-01 19:48:00,22,5.913047610022531,3.3800815389913685
2023-01-01 19:51:00,38,5.217772313361935,3.3872999248269684
2023-01-01 19:54:00,18,5.564567579825198,3.3198439406456046
2023-01-01 19:57:00,23,5.701954374312529,3.405723389933298
2023-01-01 20:00:00,28,5.569655520740796,3.6019145449419314
2023-01-01 20:03:00,22,5.829593044202271,3.031479345881886
2023-01-01 20:06:00,31,5.837707649195761,3.5832973031341804
2023-01-01 20:09:00,10,5.997606251503429,3.3542424324228275
2023-01-01 20:12:00,25,5.944538001514644,3.4203410581490807
2023-01-01 20:15:00,30,5.404093719055299,3.3643850115985288
2023-01-01 20:18:00,28,5.82352964864129,3.4940163997733795
2023-01-01 20:21:00,35,5.793294156015337,3.041005822330239
2023-01-01 20:24:00,44,5.549605776438913,3.0241556259155895
2023-01-01 20:27:00,49,5.210212918656362,3.58563262038994
2023-01-01 20:30:00,33,5.995421443240578,3.6407389536121793
2023-01-01 20:33:00,30,5.791825179384847,3.5604835619247264
2023-01-01 20:36:00,31,5.354473220907911,3.953470741657175
2023-01-01 20:39:00,10,5.8697575604879475,3.7986831161280517
2023-01-01 20:42:00,38,5.934757179814083,3.194113834811361
2023-01-01 20:45:00,29,5.328614586942159,3.43243150514257
2023-01-01 20:48:00,32,5.294226570691949,3.008343245808276
2023-01-01 20:51:00,21,5.427497616746184,3.594342108069984
2023-01-01 20:54:00,15,5.849361920827239,3.4486399942844654
2023-01-01 20:57:00,20,5.030821119944477,3.8905424337341916
2023-01-01 21:00:00,32,5.798025120952624,3.3049910490934464
2023-01-01 21:03:00,35,5.456560607498705,3.8519576378969225
2023-01-01 21:06:00,11,5.028000422609177,3.4852875501321687
2023-01-01 21:09:00,25,5.9216174468433485,3.1522066512137084
2023-01-01 21:12:00,33,5.798338821995552,3.314972208219632
2023-01-01 21:15:00,41,5.234185446584863,3.682745952161122
2023-01-01 21:18:00,10,5.476857400353984,3.7630583322033493
2023-01-01 21:21:00,22,5.370781488525993,3.6754330899717274
2023-01-01 21:24:00,27,5.857823229753986,3.3892293455489817
2023-01-01 21:27:00,11,5.143304036714107,3.84688385598956
2023-01-01 21:30:00,28,5.868264791842289,3.7742916950742407
2023-01-01 21:33:00,37,5.5537750600254565,3.7135978682707877
2023-01-01 21:36:00,47,5.0947074112602015,3.594926949170744
2023-01-01 21:39:00,27,5.808299170587905,3.9540476385078023
2023-01-01 21:42:00,49,5.624360822664706,3.1449920981043884
2023-01-01 21:45:00,24,5.38919455961773,3.0939153204615932
2023-01-01 21:48:00,26,5.425149055660777,3.8569134091536927
2023-01-01 21:51:00,34,5.930538714778629,3.6028268740198386
2023-01-01 21:54:00,16,5.304202445242093,3.867292120876238
2023-01-01 21:57:00,28,5.317286634268629,3.7269132471467326
2023-01-01 22:00:00,43,5.599876634980285,3.0002242766053113
2023-01-01 22:03:00,21,5.842709936242607,3.901406904931606
2023-01-01 22:06:00,44,5.291223779453854,3.390422076880845
2023-01-01 22:09:00,45,5.035936172527682,3.651884597312578
2023-01-01 22:12:00,29,5.289553093359563,3.2376600582638884
2023-01-01 22:15:00,35,5.623498416273373,3.154078713871505
2023-01-01 22:18:00,18,5.923405983477187,3.719042711884427
2023-01-01 22:21:00,22,5.52620023360276,3.2248712194036093
2023-01-01 22:24:00,21,5.55146453350209,3.6083077012669276
2023-01-01 22:27:00,39,5.388602870993451,3.6719928010894822
2023-01-01 22:30:00,47,5.589800868491904,3.199131047075655
2023-01-01 22:33:00,41,5.932621090725243,3.1020043571414506
2023-01-01 22:36:00,29,5.956440776473942,3.2223587984281927
2023-01-01 22:39:00,33,5.597125083567747,3.6895946752505746
2023-01-01 22:42:00,35,5.084412865077223,3.0987871414689376
2023-01-01 22:45:00,23,5.766613776236368,3.878628657459138
2023-01-01 22:48:00,35,5.451764334909678,3.007712369230423
2023-01-01 22:51:00,19,5.705178362424496,3.8947956976087563
2023-01-01 22:54:00,35,5.134444657556074,3.362529669097386
2023-01-01 22:57:00,27,5.606158788289756,3.5704441140994074
2023-01-01 23:00:00,11,5.511785192025926,3.944316302695565
2023-01-01 23:03:00,31,5.037529616896413,3.0463924865524716
2023-01-01 23:06:00,40,5.277573625032638,3.880291836909625
2023-01-01 23:09:00,21,5.557512496013949,3.75808549085903
2023-01-01 23:12:00,32,5.885518179617208,3.200790502364009
2023-01-01 23:15:00,26,5.722534946454674,3.064488898643574
2023-01-01 23:18:00,37,5.818741323322355,3.1411087977022776
2023-01-01 23:21:00,37,5.796946846970359,3.080583133136946
2023-01-01 23:24:00,44,5.705262447307297,3.735842883301984
2023-01-01 23:27:00,33,5.816996374395673,3.39784524431182
2023-01-01 23:30:00,34,5.059989425810988,3.9403753846819525
2023-01-01 23:33:00,17,5.782429805445451,3.993948517474333
2023-01-01 23:36:00,43,5.152776978623197,3.415094624025099
2023-01-01 23:39:00,48,5.840647250345465,3.998195624137674
2023-01-01 23:42:00,10,5.075082344525973,3.861962782025181
2023-01-01 23:45:00,18,5.725919445724976,3.773087509332974
2023-01-01 23:48:00,35,5.259247569079607,3.1609019559095453
2023-01-01 23:51:00,15,5.220756241613566,3.6539704526171075
2023-01-01 23:54:00,13,5.2459980079733946,3.274415628486709
2023-01-01 23:57:00,29,5.974263997467115,3.255031648612558
2023-01-02 00:00:00,12,5.387696084069249,3.0230059187425304
2023-01-02 00:03:00,37,5.2087514911917125,3.834809450940481
2023-01-02 00:06:00,41,5.036088830135112,3.879959544788616
2023-01-02 00:09:00,43,5.024444521035043,3.900728365083256
2023-01-02 00:12:00,34,5.629612964546146,3.9317919263018406
2023-01-02 00:15:00,43,5.178669679471045,3.9190610157433867
2023-01-02 00:18:00,37,5.043933025155461,3.138994402256356
2023-01-02 00:21:00,34,5.211908746492209,3.3761609790228757
2023-01-02 00:24:00,38,5.742350801308149,3.8202295464794465
2023-01-02 00:27:00,44,5.813844289228705,3.006733528383107
2023-01-02 00:30:00,36,5.681667884800495,3.4103885940178857
2023-01-02 00:33:00,43,5.618909959740063,3.8869473310929514
2023-01-02 00:36:00,40,5.240210441435692,3.0965651150826607
2023-01-02 00:39:00,22,5.071522214575142,3.084749530743711
2023-01-02 00:42:00,20,5.2549967189918245,3.144566070214931
2023-01-02 00:45:00,11,5.283332279827315,3.2171563909947274
2023-01-02 00:48:00,31,5.845143231739672,3.128693403399304
2023-01-02 00:51:00,25,5.018427623661525,3.868293124558119
2023-01-02 00:54:00,24,5.161665368819009,3.5960201770971096
2023-01-02 00:57:00,30,5.634956423942671,3.5048393506015527
2023-01-02 01:00:00,18,5.735293381106766,3.2770126749567385
2023-01-02 01:03:00,29,5.750437497109016,3.2985329042681504
2023-01-02 01:06:00,12,5.050400859285331,3.3547162003165636
2023-01-02 01:09:00,24,5.045893230898585,3.4854767860715294
2023-01-02 01:12:00,35,5.806323675524938,3.6217099137010154
2023-01-02 01:15:00,43,5.964772728432099,3.978613549034968
2023-01-02 01:18:00,17,5.950984105141906,3.9087357528381346
2023-01-02 01:21:00,18,5.878332226122529,3.5768326601381113
2023-01-02 01:24:00,32,5.325890160905939,3.8604473325162356
2023-01-02 01:27:00,13,5.649896564655014,3.82833011869499
2023-01-02 01:30:00,25,5.615361897517242,3.658179884807099
2023-01-02 01:33:00,19,5.55704405246585,3.148583734134505
2023-01-02 01:36:00,48,5.467856230060457,3.0559016855695504
2023-01-02 01:39:00,34,5.781539662315605,3.6543773019915444
2023-01-02 01:42:00,14,5.3860967325275775,3.262818097236477
2023-01-02 01:45:00,38,5.8657811250386205,3.8587652154599317
2023-01-02 01:48:00,15,5.444907892778812,3.468740823781662
2023-01-02 01:51:00,18,5.818693900251637,3.8419256706288123
2023-01-02 01:54:00,44,5.307396823021949,3.0340050113805646
2023-01-02 01:57:00,25,5.600203130273419,3.9611165616749475
2023-01-02 02:00:00,34,5.266303356505743,3.991969242294199
2023-01-02 02:03:00,42,5.9608429923305195,3.0174999858919285
2023-01-02 02:06:00,27,5.107957861680736,3.7881064355389142
2023-01-02 02:09:00,18,5.4934354035876325,3.5566694535799988
2023-01-02 02:12:00,32,5.671901094172772,3.155973289808942
2023-01-02 02:15:00,18,5.618517763148193,3.3963555101199225
2023-01-02 02:18:00,43,5.688157754315844,3.9674049233674573
2023-01-02 02:21:00,45,5.683176197288769,3.4306553757156495
2023-01-02 02:24:00,32,5.919291905282028,3.639415234350162
2023-01-02 02:27:00,28,5.092625108385912,3.9358590564994973
2023-01-02 02:30:00,23,5.327971201855936,3.8696581684727303
2023-01-02 02:33:00,17,5.817124631277552,3.116965618656813
2023-01-02 02:36:00,19,5.352332661556321,3.2622537216305965
2023-01-02 02:39:00,21,5.638980928363747,3.1171039729010115
2023-01-02 02:42:00,21,5.980038746231012,3.099615160540756
2023-01-02 02:45:00,42,5.678637887040333,3.2191855528443565
2023-01-02 02:48:00,45,5.030074511442102,3.180564764577995
2023-01-02 02:51:00,13,5.142104240815901,3.1266170113569167
2023-01-02 02:54:00,16,5.1455903420518165,3.5612832423444574
2023-01-02 02:57:00,49,5.194413319785357,3.6823308369596575
2023-01-02 03:00:00,24,5.073753958065355,3.2774440979596964
2023-01-02 03:03:00,23,5.774549251312082,3.553916746935485
2023-01-02 03:06:00,34,5.8273839656934925,3.7402739617460883
2023-01-02 03:09:00,28,5.43058999908757,3.250996877463969
2023-01-02 03:12:00,42,5.236072313964792,3.7344231269630193
2023-01-02 03:15:00,15,5.50774625061767,3.493408704769417
2023-01-02 03:18:00,43,5.950878053234839,3.707772974428604
2023-01-02 03:21:00,37,5.973668978370875,3.4464538568912024
2023-01-02 03:24:00,30,5.484316348555984,3.9105124852960764
2023-01-02 03:27:00,31,5.076292938547786,3.2908419626102416
2023-01-02 03:30:00,17,5.537881670846085,3.7579079094060464
2023-01-02 03:33:00,18,5.611088582552119,3.681588964805233
2023-01-02 03:36:00,37,5.042239545206109,3.9531401284542076
2023-01-02 03:39:00,17,5.6269047953307565,3.3264935809464844
2023-01-02 03:42:00,24,5.441177782940543,3.2009703576927855
2023-01-02 03:45:00,35,5.905643041274336,3.6723670412781466
2023-01-02 03:48:00,35,5.728476327767925,3.3361309670605133
2023-01-02 03:51:00,45,5.26765111661941,3.0105284742199876
2023-01-02 03:54:00,26,5.963558048803336,3.420699082636277
2023-01-02 03:57:00,15,5.582858827812848,3.3841152449519125
2023-01-02 04:00:00,30,5.801660741329375,3.181126542772539
2023-01-02 04:03:00,15,5.712718376646998,3.1896113657825227
2023-01-02 04:06:00,30,5.127758934065427,3.2563674415607684
2023-01-02 04:09:00,42,5.3442119110827315,3.470433231596493
2023-01-02 04:12:00,42,5.431480652878983,3.8496676629489115
2023-01-02 04:15:00,40,5.857860442731055,3.4191047287378606
2023-01-02 04:18:00,20,5.493941329303852,3.622264746502385
2023-01-02 04:21:00,39,5.28413934260497,3.8445213824201865
2023-01-02 04:24:00,32,5.6187967472871865,3.266116404461046
2023-01-02 04:27:00,29,5.358652399681419,3.127799287906558
2023-01-02 04:30:00,28,5.119269439804807,3.9207743513184394
2023-01-02 04:33:00,29,5.4078865642968585,3.599883726459897
2023-01-02 04:36:00,29,5.238809741679754,3.6569109048344197
2023-01-02 04:39:00,44,5.278962057635354,3.9130453956114946
2023-01-02 04:42:00,43,5.132679819576012,3.9029336133736607
2023-01-02 04:45:00,20,5.593855443878255,3.4455223211901878
2023-01-02 04:48:00,42,5.516623736828902,3.256171126144013
2023-01-02 04:51:00,32,5.716571549151293,3.126608364350532
2023-01-02 04:54:00,10,5.049633961640855,3.280799027650747
2023-01-02 04:57:00,32,5.321909237270015,3.225220778019261
2023-01-02 05:00:00,10,5.944217648854595,3.7903322063868337
2023-01-02 05:03:00,14,5.199842667031389,3.1538041691835716
2023-01-02 05:06:00,17,5.293946762654924,3.6701419651219473
2023-01-02 05:09:00,18,5.09230495981584,3.483675037720568
2023-01-02 05:12:00,31,5.683061185080623,3.498721565581065
2023-01-02 05:15:00,37,5.190212337592392,3.3358614310179364
2023-01-02 05:18:00,41,5.105224885941813,3.4315733394468415
2023-01-02 05:21:00,12,5.325488265089615,3.878318686058442
2023-01-02 05:24:00,24,5.963810985586442,3.1692665482611995
2023-01-02 05:27:00,16,5.641783991652144,3.0268562426188153
2023-01-02 05:30:00,48,5.270025631575367,3.737298215955482
2023-01-02 05:33:00,19,5.7986455705055615,3.5730270388083176
2023-01-02 05:36:00,46,5.096728850306595,3.226262626221279
2023-01-02 05:39:00,12,5.457577904705618,3.674411666580401
2023-01-02 05:42:00,26,5.164167399052675,3.478751855545066
2023-01-02 05:45:00,33,5.42223145880371,3.290326147293849
2023-01-02 05:48:00,30,5.291389523197399,3.6718751604143605
2023-01-02 05:51:00,44,5.078409093023013,3.3989105502915917
2023-01-02 05:54:00,22,5.230144554355268,3.439960984404544
2023-01-02 05:57:00,45,5.0812482957679075,3.6177473415205705
2023-01-02 06:00:00,37,5.774733352539755,3.3996824398421306
2023-01-02 06:03:00,24,5.059383597140485,3.380559233292822
2023-01-02 06:06:00,34,5.832643066749832,3.7283214222044854
2023-01-02 06:09:00,16,5.920842065663234,3.279075542228899
2023-01-02 06:12:00,42,5.033642226305507,3.341168837170311
2023-01-02 06:15:00,33,5.4299983301131025,3.199830502798512
2023-01-02 06:18:00,16,5.807430432944663,3.6132615755005255
2023-01-02 06:21:00,29,5.981316629420922,3.0934359384512593
2023-01-02 06:24:00,25,5.181817854890729,3.4645281852695264
2023-01-02 06:27:00,38,5.521683631278087,3.7241865510801384
2023-01-02 06:30:00,22,5.7416436486446125,3.1779305559891267
2023-01-02 06:33:00,28,5.711433729597707,3.0997887061199862
2023-01-02 06:36:00,28,5.44603930335395,3.618951453641178
2023-01-02 06:39:00,45,5.205422184514011,3.104862793407401
2023-01-02 06:42:00,43,5.555136157814241,3.9313694144612077
2023-01-02 06:45:00,24,5.5027769903597195,3.619912301703063
2023-01-02 06:48:00,24,5.625560927826101,3.212406325821973
2023-01-02 06:51:00,25,5.963883622568994,3.8916277582018513
2023-01-02 06:54:00,39,5.309147927300988,3.6606193756606533
2023-01-02 06:57:00,30,5.500154908146121,3.7767233314700737
2023-01-02 07:00:00,49,5.586630667577294,3.650038127190973
2023-01-02 07:03:00,11,5.198680378994879,3.3049329330983284
2023-01-02 07:06:00,13,5.543696614245928,3.7749623807939123
2023-01-02 07:09:00,13,5.801404830388922,3.5465924394924064
2023-01-02 07:12:00,41,5.595014863597855,3.129751011884668
2023-01-02 07:15:00,27,5.485466621749642,3.398919436874843
2023-01-02 07:18:00,20,5.966560741885185,3.4187080088256905
2023-01-02 07:21:00,44,5.9966336296170635,3.965066803793055
2023-01-02 07:24:00,39,5.155985152930707,3.8124331823612883
2023-01-02 07:27:00,22,5.760953569257973,3.304756941696733
2023-01-02 07:30:00,18,5.933801347489003,3.92719314172362
2023-01-02 07:33:00,13,5.973141667702285,3.7546049152653467
2023-01-02 07:36:00,16,5.770613708656598,3.6012904659274056
2023-01-02 07:39:00,34,5.586352976448901,3.0814169919430423
2023-01-02 07:42:00,32,5.254549613698468,3.3446034853331685
2023-01-02 07:45:00,10,5.976262664941277,3.8425667719805183
2023-01-02 07:48:00,31,5.05816046556223,3.9400866824554206
2023-01-02 07:51:00,25,5.819178442841098,3.5578557053801276
2023-01-02 07:54:00,37,5.088178642910366,3.0707171483940376
2023-01-02 07:57:00,13,5.5222461158974445,3.475767018426027
2023-01-02 08:00:00,27,5.435166056615419,3.4050322116543406
2023-01-02 08:03:00,20,5.627631037277307,3.3204383635894827
2023-01-02 08:06:00,21,5.8916207687823325,3.257587341321963
2023-01-02 08:09:00,46,5.320418344585825,3.184715604618427
2023-01-02 08:12:00,16,5.305163957719885,3.520647575184133
2023-01-02 08:15:00,42,5.900219726086895,3.479291886631721
2023-01-02 08:18:00,21,5.21604624225613,3.4283895212331803
2023-01-02 08:21:00,10,5.065669110231012,3.7226467843721753
2023-01-02 08:24:00,35,5.653604919420204,3.7387148177485323
2023-01-02 08:27:00,33,5.399197033492555,3.9928970883927395
2023-01-02 08:30:00,43,5.260819174318323,3.9671032685491143
2023-01-02 08:33:00,25,5.852416981845794,3.7247025156957014
2023-01-02 08:36:00,37,5.811481359463744,3.7373189004500533
2023-01-02 08:39:00,39,5.468355931989603,3.715240432017799
2023-01-02 08:42:00,40,5.320963378252439,3.8060512980328176
2023-01-02 08:45:00,15,5.12892174449477,3.977420416837874
2023-01-02 08:48:00,29,5.125545227475728,3.833415937264649
2023-01-02 08:51:00,29,5.665138417033468,3.1731575602589865
2023-01-02 08:54:00,25,5.823914075939351,3.1026212439634966
2023-01-02 08:57:00,32,5.425256741631235,3.8969911769053267
2023-01-02 09:00:00,40,5.6827017035609035,3.4282938341730684
2023-01-02 09:03:00,45,5.677107841733033,3.50968856784441
2023-01-02 09:06:00,12,5.575761499883534,3.9973373035215136
2023-01-02 09:09:00,35,5.942923880986817,3.45130339873416
2023-01-02 09:12:00,16,5.0972296197452,3.7854382659949564
2023-01-02 09:15:00,11,5.717618009371208,3.566111181063543
2023-01-02 09:18:00,35,5.092213095262664,3.295006465121068
2023-01-02 09:21:00,41,5.045897192920045,3.3137698795255406
2023-01-02 09:24:00,12,5.5593072336230875,3.4497298812556867
2023-01-02 09:27:00,13,5.217775597139524,3.68359805277281
2023-01-02 09:30:00,42,5.5140707637364885,3.3817009408908456
2023-01-02 09:33:00,26,5.252423292197462,3.9880845391947126
2023-01-02 09:36:00,32,5.9138765544803755,3.1744253595389766
2023-01-02 09:39:00,14,5.791330957482966,3.349403866941716
2023-01-02 09:42:00,21,5.953076483001856,3.65655775788063
2023-01-02 09:45:00,36,5.930184954548859,3.593114292457544
2023-01-02 09:48:00,46,5.973195318733707,3.862130298804854
2023-01-02 09:51:00,19,5.996026731042464,3.7671981343079604
2023-01-02 09:54:00,47,5.275106944128234,3.250324481832396
2023-01-02 09:57:00,25,5.359655279424795,3.3605314932025814
2023-01-02 10:00:00,26,5.744789243301737,3.0240679310078042
2023-01-02 10:03:00,49,5.512250916577634,3.129407510656352
2023-01-02 10:06:00,24,5.340286776151456,3.4587797694432902
2023-01-02 10:09:00,13,5.9666949657721915,3.7591465388062835
2023-01-02 10:12:00,41,5.3011835197951775,3.6355373359624914
2023-01-02 10:15:00,34,5.643408031449199,3.501213188191251
2023-01-02 10:18:00,27,5.062926208558047,3.5609824852834024
2023-01-02 10:21:00,45,5.7137885736180145,3.9489659395388106
2023-01-02 10:24:00,13,5.419445941716345,3.6159756930471447
2023-01-02 10:27:00,39,5.222606162310177,3.7008641449427144
2023-01-02 10:30:00,29,5.039543609132639,3.6626757720990817
2023-01-02 10:33:00,14,5.532477184829175,3.5240485906131065
2023-01-02 10:36:00,13,5.5305661041574385,3.4804709989726943
2023-01-02 10:39:00,18,5.600500880385523,3.027796490801336
2023-01-02 10:42:00,26,5.516898803475191,3.118834093156391
2023-01-02 10:45:00,26,5.0065909780301805,3.430349604853663
2023-01-02 10:48:00,23,5.636356266571861,3.422773927951255
2023-01-02 10:51:00,48,5.448696401629064,3.029382606128773
2023-01-02 10:54:00,14,5.439756083661541,3.9303273019372034
2023-01-02 10:57:00,30,5.801954415457725,3.2185050191479876
2023-01-02 11:00:00,22,5.386687992827432,3.29482068691088
2023-01-02 11:03:00,26,5.150727520554956,3.53366728107078
2023-01-02 11:06:00,23,5.331831175093982,3.6099432322637104
2023-01-02 11:09:00,38,5.864735636100289,3.926349225992882
2023-01-02 11:12:00,19,5.171249600781006,3.019828864986117
2023-01-02 11:15:00,31,5.626408883974243,3.784145469298829
2023-01-02 11:18:00,20,5.49999464822423,3.1638035889215876
2023-01-02 11:21:00,19,5.746744015346797,3.525436726657647
2023-01-02 11:24:00,34,5.258656279747434,3.498876337513734
2023-01-02 11:27:00,37,5.288911205081876,3.6847581980632227
2023-01-02 11:30:00,35,5.426285404383729,3.924092046981426
2023-01-02 11:33:00,25,5.800102080822764,3.2301940203560386
2023-01-02 11:36:00,18,5.4003015348370464,3.02300715928998
2023-01-02 11:39:00,24,5.240458386168,3.1415552953088364
2023-01-02 11:42:00,10,5.01226113851117,3.775403871458359
2023-01-02 11:45:00,24,5.700310611852229,3.065968516149479
2023-01-02 11:48:00,14,5.444247344166331,3.9534162377487023
2023-01-02 11:51:00,18,5.442223529487087,3.7068397876954533
2023-01-02 11:54:00,30,5.775259216204678,3.440796103925191
2023-01-02 11:57:00,41,5.792107873413579,3.9107366311077723
2023-01-02 12:00:00,17,5.057354890990836,3.4715224967336638
2023-01-02 12:03:00,45,5.438361982337922,3.3035880779439295
2023-01-02 12:06:00,16,5.9663909506106565,3.3639275863803695
2023-01-02 12:09:00,18,5.471851135901871,3.432302317422011
2023-01-02 12:12:00,29,5.663065541959569,3.952539473572397
2023-01-02 12:15:00,19,5.081169666379476,3.9596196123765712
2023-01-02 12:18:00,23,5.34919246486044,3.426455321296857
2023-01-02 12:21:00,46,5.017210782947406,3.6702992366112484
2023-01-02 12:24:00,21,5.152724495678178,3.4724835533672027
2023-01-02 12:27:00,22,5.076346466409637,3.2205358634723096
2023-01-02 12:30:00,40,5.345189358496816,3.598643075910325
2023-01-02 12:33:00,38,5.694917539104145,3.312541595119004
2023-01-02 12:36:00,10,5.257608547976302,3.304321915137265
2023-01-02 12:39:00,17,5.901784762347715,3.8000621883490364
2023-01-02 12:42:00,22,5.394771679317473,3.4531444851797417
2023-01-02 12:45:00,35,5.604749718109114,3.455689451084826
2023-01-02 12:48:00,44,5.452214439215908,3.2300682152484956
2023-01-02 12:51:00,37,5.19002189923323,3.6080702384355816
2023-01-02 12:54:00,19,5.345246229902437,3.924080609113304
2023-01-02 12:57:00,22,5.1267484084959145,3.515811693891573
2023-01-02 13:00:00,21,5.053004503858905,3.512176536369514
2023-01-02 13:03:00,10,5.916365443711565,3.036715300096533
2023-01-02 13:06:00,49,5.396886542340897,3.0468292436641438
2023-01-02 13:09:00,38,5.869418112408993,3.995693965182845
2023-01-02 13:12:00,35,5.931903436956593,3.9838629131176244
2023-01-02 13:15:00,41,5.772160613036541,3.8928362287942013
2023-01-02 13:18:00,39,5.006711950762161,3.4975321555544134
2023-01-02 13:21:00,49,5.784581469016131,3.39395903849333
2023-01-02 13:24:00,33,5.934024972845655,3.5386398745739363
2023-01-02 13:27:00,44,5.459870898384455,3.1289995244124933
2023-01-02 13:30:00,39,5.389439455787906,3.9264712110295834
2023-01-02 13:33:00,23,5.944211569515192,3.285447746765933
2023-01-02 13:36:00,11,5.767722015336712,3.055711778578829
2023-01-02 13:39:00,18,5.7765374452106855,3.725071498277334
2023-01-02 13:42:00,45,5.7421676538151605,3.03728581853857
2023-01-02 13:45:00,33,5.551080936749757,3.7062018179737177
2023-01-02 13:48:00,32,5.545718495666289,3.939129547319948
2023-01-02 13:51:00,10,5.744602833804694,3.8291947228901373
2023-01-02 13:54:00,31,5.790744054975219,3.9416830930188045
2023-01-02 13:57:00,19,5.294985516260386,3.8996629080551743
2023-01-02 14:00:00,39,5.8470760137230195,3.842549255214395
2023-01-02 14:03:00,25,5.012006224358581,3.585278065117948
2023-01-02 14:06:00,23,5.24400997342082,3.475083553151369
2023-01-02 14:09:00,10,5.314524479418583,3.859448639397212
2023-01-02 14:12:00,19,5.668556119713174,3.8257139504109596
2023-01-02 14:15:00,46,5.8711351710760855,3.509457125951526
2023-01-02 14:18:00,26,5.957513504431503,3.7793098451623024
2023-01-02 14:21:00,45,5.491857449577803,3.518210552171595
2023-01-02 14:24:00,31,5.476197748469678,3.6821669829111094
2023-01-02 14:27:00,18,5.9099632014417,3.0370597622449593
2023-01-02 14:30:00,15,5.250998205556495,3.943963652873152
2023-01-02 14:33:00,25,5.6349122618389815,3.374546125757196
2023-01-02 14:36:00,16,5.813856202583254,3.480552014447173
2023-01-02 14:39:00,45,5.271509666876757,3.8737963841748546
2023-01-02 14:42:00,16,5.919727533444917,3.811639579767174
2023-01-02 14:45:00,23,5.755909525330932,3.8643640179624597
2023-01-02 14:48:00,38,5.394768028218738,3.2189640650400886
2023-01-02 14:51:00,22,5.366880494794679,3.398272555932773
2023-01-02 14:54:00,18,5.263664067783494,3.966418955002437
2023-01-02 14:57:00,35,5.471580144541917,3.5794406589803933
2023-01-02 15:00:00,29,5.552226776191173,3.4947619615357546
2023-01-02 15:03:00,16,5.605013994085392,3.6707380713797244
2023-01-02 15:06:00,45,5.2962847024392925,3.8133814187443997
2023-01-02 15:09:00,38,5.665635613701681,3.8182197596723952
2023-01-02 15:12:00,13,5.590590193157957,3.2818348504392727
2023-01-02 15:15:00,29,5.094774766529026,3.1079775368043823
2023-01-02 15:18:00,35,5.262405563315254,3.1299905289880137
2023-01-02 15:21:00,36,5.697094236696801,3.4534192176234204
2023-01-02 15:24:00,17,5.675781023011209,3.855261533101291
2023-01-02 15:27:00,14,5.701881140249915,3.052827415412273
2023-01-02 15:30:00,35,5.160418364689402,3.6100972867608823
2023-01-02 15:33:00,48,5.7358156210057585,3.908983348886457
2023-01-02 15:36:00,48,5.575332591957313,3.6833453281104065
2023-01-02 15:39:00,23,5.673647001644997,3.3255242346861507
2023-01-02 15:42:00,35,5.478894996342794,3.3834105494627664
2023-01-02 15:45:00,21,5.54850010015446,3.009727100569516
2023-01-02 15:48:00,41,5.4950609217588395,3.909199019427552
2023-01-02 15:51:00,29,5.655521343615597,3.734724523340068
2023-01-02 15:54:00,36,5.342299781008152,3.182476862218526
2023-01-02 15:57:00,23,5.60795138733809,3.199090134391441
2023-01-02 16:00:00,31,5.620740027591261,3.735764603387729
2023-01-02 16:03:00,32,5.443512076627015,3.8223282987016813
2023-01-02 16:06:00,39,5.516538290381225,3.944935075380542
2023-01-02 16:09:00,25,5.275243032918073,3.5237882772234266
2023-01-02 16:12:00,30,5.967089033605276,3.761619103779929
2023-01-02 16:15:00,43,5.404098209071995,3.589551861022339
2023-01-02 16:18:00,26,5.328871823687605,3.374064582653383
2023-01-02 16:21:00,49,5.152144602980781,3.6703004350932362
2023-01-02 16:24:00,16,5.188317044194437,3.2476207716572976
2023-01-02 16:27:00,29,5.458578634440356,3.237251100552726
2023-01-02 16:30:00,17,5.102404950966254,3.280878038487218
2023-01-02 16:33:00,17,5.309295943390008,3.9743377652898824
2023-01-02 16:36:00,49,5.734902546335648,3.2010636816450693
2023-01-02 16:39:00,49,5.198966090141557,3.215108535356331
2023-01-02 16:42:00,41,5.414040687390425,3.170160406650209
2023-01-02 16:45:00,25,5.286146667863131,3.754179272427649
2023-01-02 16:48:00,19,5.677185452951269,3.6145592801028856
2023-01-02 16:51:00,48,5.517595690980753,3.3467705015268776
2023-01-02 16:54:00,40,5.420451982162009,3.0469947083989544
2023-01-02 16:57:00,10,5.757370656935664,3.3213670380687748
2023-01-02 17:00:00,44,5.874643570666031,3.870394943044258
2023-01-02 17:03:00,24,5.0164785659057545,3.3951624607731667
2023-01-02 17:06:00,29,5.2584161900170185,3.6623105285067865
2023-01-02 17:09:00,45,5.263014830507174,3.0881667725780195
2023-01-02 17:12:00,34,5.8956972227268505,3.317480002436552
2023-01-02 17:15:00,43,5.488462096768407,3.094429794226742
2023-01-02 17:18:00,30,5.288894176520546,3.4679869078057264
2023-01-02 17:21:00,47,5.157678225934737,3.695377374351678
2023-01-02 17:24:00,44,5.842336500373958,3.073161678686935
2023-01-02 17:27:00,10,5.685834841594511,3.194356584186367
2023-01-02 17:30:00,17,5.5928063797444345,3.8508004768876765
2023-01-02 17:33:00,44,5.0707815773812515,3.713939116926611
2023-01-02 17:36:00,32,5.5743528017003685,3.049146259974521
2023-01-02 17:39:00,42,5.985845630213311,3.5972997553470276
2023-01-02 17:42:00,24,5.553304591887917,3.7902266338647808
2023-01-02 17:45:00,49,5.089988548176703,3.497628129974524
2023-01-02 17:48:00,16,5.322642680927374,3.0236327248469284
2023-01-02 17:51:00,21,5.9403596321474605,3.1976179537768212
2023-01-02 17:54:00,20,5.071893476359546,3.2983744915546342
2023-01-02 17:57:00,49,5.252579564094158,3.7331733548860253
2023-01-02 18:00:00,31,5.755243591658998,3.0720156449701155
2023-01-02 18:03:00,33,5.664758379319062,3.9441912130439736
2023-01-02 18:06:00,10,5.237777566096244,3.955195205184915
2023-01-02 18:09:00,31,5.55868382674587,3.4473756293416793
2023-01-02 18:12:00,21,5.30617863516901,3.5965739864596364
2023-01-02 18:15:00,19,5.7572015567926815,3.6896502379080975
2023-01-02 18:18:00,32,5.248023583855032,3.1364279967443736
2023-01-02 18:21:00,45,5.166663014581106,3.7205967807574885
2023-01-02 18:24:00,31,5.1324147613847035,3.7786784958760933
2023-01-02 18:27:00,36,5.7196471368298845,3.024415315355591
2023-01-02 18:30:00,31,5.034036273181092,3.886255240270428
2023-01-02 18:33:00,33,5.624048916066275,3.836031230093352
2023-01-02 18:36:00,14,5.998670548142578,3.5771208885376966
2023-01-02 18:39:00,28,5.211871389734071,3.0826256515422443
2023-01-02 18:42:00,39,5.933565886966495,3.833489833003407
2023-01-02 18:45:00,25,5.605068556839282,3.8047996264412705
2023-01-02 18:48:00,48,5.870307731678982,3.2183901003866637
2023-01-02 18:51:00,18,5.730246987870295,3.1699233128939057
2023-01-02 18:54:00,37,5.505594844709729,3.32462916473324
2023-01-02 18:57:00,24,5.22567107893797,3.6188999112327163
2023-01-02 19:00:00,43,5.556463855539159,3.418679545164442
2023-01-02 19:03:00,18,5.3406864295782075,3.9985866493585416
2023-01-02 19:06:00,47,5.9557859819493615,3.424655478824168
2023-01-02 19:09:00,45,5.8923695640488445,3.5394552917052096
2023-01-02 19:12:00,36,5.011393211416375,3.1862198548535563
2023-01-02 19:15:00,11,5.757608542461201,3.9344033240116945
2023-01-02 19:18:00,25,5.3399664610256785,3.3237522510764546
2023-01-02 19:21:00,14,5.26550659805195,3.597714670802365
2023-01-02 19:24:00,12,5.012766959381063,3.172892552257232
2023-01-02 19:27:00,24,5.825281467631502,3.4077526288869917
2023-01-02 19:30:00,17,5.795419350866611,3.9966576419706605
2023-01-02 19:33:00,27,5.449386130461775,3.991523910017468
2023-01-02 19:36:00,10,5.578436201058148,3.900878781210089
2023-01-02 19:39:00,47,5.73606301862186,3.8168691727274044
2023-01-02 19:42:00,34,5.384355519401381,3.6834989960265894
2023-01-02 19:45:00,38,5.842851969654922,3.411547433643298
2023-01-02 19:48:00,16,5.725237590245426,3.155357339666672
2023-01-02 19:51:00,41,5.676070059600029,3.3825314209036454
2023-01-02 19:54:00,34,5.555263752352784,3.2969806766030856
2023-01-02 19:57:00,48,5.175133691116502,3.4921522571114076
2023-01-02 20:00:00,18,5.701003182386769,3.0495964178245405
2023-01-02 20:03:00,49,5.516478771243807,3.117291324762128
2023-01-02 20:06:00,11,5.52040498152073,3.3674008214059508
2023-01-02 20:09:00,17,5.023302651244124,3.4431718831095655
2023-01-02 20:12:00,40,5.719240341240376,3.1128651239667597
2023-01-02 20:15:00,30,5.4837628879485285,3.0707443150266074
2023-01-02 20:18:00,41,5.417139658563054,3.7600676650020106
2023-01-02 20:21:00,13,5.968305503501644,3.2438870198973957
2023-01-02 20:24:00,49,5.131279982557885,3.8059702647383262
2023-01-02 20:27:00,40,5.4476304900195185,3.0622479984796023
2023-01-02 20:30:00,10,5.321042715408266,3.8633916581122247
2023-01-02 20:33:00,49,5.102440577922386,3.193250720723137
2023-01-02 20:36:00,30,5.835965738975301,3.671254557698844
2023-01-02 20:39:00,20,5.415141037319625,3.4358799227806833
2023-01-02 20:42:00,36,5.7396539523135734,3.5834856964380317
2023-01-02 20:45:00,20,5.1743674402320226,3.8347742449584605
2023-01-02 20:48:00,20,5.877361951726538,3.171979846271628
2023-01-02 20:51:00,49,5.0074827004015,3.675872184432873
2023-01-02 20:54:00,44,5.56593954428403,3.1619116243103993
2023-01-02 20:57:00,24,5.16051235016041,3.9247651169532842
2023-01-02 21:00:00,20,5.812779768014875,3.54549538191079
2023-01-02 21:03:00,30,5.0311405551611275,3.611173193912643
2023-01-02 21:06:00,27,5.383956002380197,3.0210011429531067
2023-01-02 21:09:00,41,5.747234563148626,3.8899802236979153
2023-01-02 21:12:00,48,5.641201350340273,3.8784071680326244
2023-01-02 21:15:00,34,5.644119173257746,3.1874107684006594
2023-01-02 21:18:00,11,5.378151281820897,3.0040272926333063
2023-01-02 21:21:00,25,5.612190036597061,3.2971652191577583
2023-01-02 21:24:00,43,5.006046592682267,3.850604435029176
2023-01-02 21:27:00,36,5.416450754440211,3.254972921249559
2023-01-02 21:30:00,37,5.990190176978457,3.002824859101929
2023-01-02 21:33:00,30,5.711495618465756,3.7785493669130457
2023-01-02 21:36:00,38,5.064559037918635,3.770073370849822
2023-01-02 21:39:00,13,5.381511157365515,3.711359759624202
2023-01-02 21:42:00,38,5.866857878867929,3.8263647066461526
2023-01-02 21:45:00,32,5.929252799241953,3.397947881626362
2023-01-02 21:48:00,12,5.597162726973564,3.763258999449067
2023-01-02 21:51:00,11,5.209441020006634,3.8505085744867618
2023-01-02 21:54:00,42,5.815508209836558,3.400774987022828
2023-01-02 21:57:00,44,5.654271804849801,3.732584047339072
2023-01-02 22:00:00,35,5.110645574736377,3.705164730116374
2023-01-02 22:03:00,34,5.759631060273988,3.1520537135838005
2023-01-02 22:06:00,43,5.248077783760183,3.315091518472021
2023-01-02 22:09:00,32,5.906149306803112,3.462804841718025
2023-01-02 22:12:00,29,5.9793393611263586,3.284233920810202
2023-01-02 22:15:00,13,5.8611746838747685,3.773356626679262
2023-01-02 22:18:00,31,5.6317037411167306,3.5438115815102877
2023-01-02 22:21:00,11,5.66570859011413,3.4371447031631894
2023-01-02 22:24:00,46,5.023235513381868,3.284339356646237
2023-01-02 22:27:00,44,5.417051115513107,3.157282677483832
2023-01-02 22:30:00,21,5.1141578193246335,3.5371279370667272
2023-01-02 22:33:00,10,5.062366149639047,3.506528562477597
2023-01-02 22:36:00,44,5.9563374567926575,3.7782695382203477
2023-01-02 22:39:00,39,5.046988558471394,3.9062104367022545
2023-01-02 22:42:00,26,5.272967616769425,3.4628399212423853
2023-01-02 22:45:00,15,5.15706541508611,3.26332991010527
2023-01-02 22:48:00,35,5.567749787043078,3.1203439413337586
2023-01-02 22:51:00,41,5.948865321951345,3.88149496886359
2023-01-02 22:54:00,42,5.327903444648342,3.9564189681441673
2023-01-02 22:57:00,33,5.188739234026447,3.9188427714934133
2023-01-02 23:00:00,20,5.655610890176666,3.3140277025832137
2023-01-02 23:03:00,17,5.729736884700533,3.2907556343233013
2023-01-02 23:06:00,22,5.327538244638583,3.0871242084202994
2023-01-02 23:09:00,42,5.809336560163619,3.4694081064005804
2023-01-02 23:12:00,18,5.681693216743666,3.859134076607477
2023-01-02 23:15:00,20,5.861203897305299,3.038146969881791
2023-01-02 23:18:00,25,5.913076260767195,3.1329650614400286
2023-01-02 23:21:00,41,5.47233329339314,3.7785467351473105
2023-01-02 23:24:00,28,5.678564242851969,3.208262716790883
2023-01-02 23:27:00,17,5.534573441677746,3.7885426913894045
2023-01-02 23:30:00,34,5.925038592574833,3.0103593413323138
2023-01-02 23:33:00,17,5.833079488475338,3.028576520595717
2023-01-02 23:36:00,44,5.667240050284106,3.7924277912441378
2023-01-02 23:39:00,40,5.648677456058574,3.3387559621291825
2023-01-02 23:42:00,48,5.014140043022239,3.6894600392251524
2023-01-02 23:45:00,37,5.461931660153882,3.0067460915379702
2023-01-02 23:48:00,37,5.1582225252664085,3.892066409793548
2023-01-02 23:51:00,22,5.569497377517601,3.580173889799846
2023-01-02 23:54:00,27,5.941349042227895,3.5373300020110188
2023-01-02 23:57:00,49,5.16463984070156,3.8192376604694562
2023-01-03 00:00:00,13,5.271432572265547,3.61933243734755
2023-01-03 00:03:00,39,5.815505692430199,3.456543978132895
2023-01-03 00:06:00,24,5.998436709298784,3.705836478319947
2023-01-03 00:09:00,40,5.084176519328662,3.208161984836287
2023-01-03 00:12:00,17,5.330553743331285,3.2074016761216435
2023-01-03 00:15:00,42,5.561835325827572,3.2785415457065303
2023-01-03 00:18:00,26,5.318617592864169,3.9963328069299497
2023-01-03 00:21:00,30,5.280256339371751,3.7435324965937187
2023-01-03 00:24:00,49,5.9500035897339405,3.2172230382155376
2023-01-03 00:27:00,35,5.370734447194684,3.0327689422274338
2023-01-03 00:30:00,14,5.062707408970479,3.382155460455897
2023-01-03 00:33:00,31,5.320096425528805,3.6380520052096097
2023-01-03 00:36:00,34,5.1419633323446785,3.5788874781586553
2023-01-03 00:39:00,46,5.020797982023936,3.817625174070365
2023-01-03 00:42:00,22,5.736899842797587,3.4935710166102822
2023-01-03 00:45:00,31,5.129262833748897,3.0720662212907492
2023-01-03 00:48:00,13,5.831421744767211,3.789188002386338
2023-01-03 00:51:00,27,5.866471912510632,3.2779495172495103
2023-01-03 00:54:00,32,5.015186383313204,3.097585888588699
2023-01-03 00:57:00,10,5.716719908829525,3.465568563028878
2023-01-03 01:00:00,38,5.630105393173101,3.384014696412739
2023-01-03 01:03:00,36,5.266999996134197,3.3564298151553036
2023-01-03 01:06:00,23,5.456807601322782,3.097858200872136
2023-01-03 01:09:00,18,5.305894337264636,3.463676979977512
2023-01-03 01:12:00,19,5.321423014176647,3.1138748335665727
2023-01-03 01:15:00,17,5.208182148481237,3.0328680937484083
2023-01-03 01:18:00,37,5.57423187449193,3.1279898900316057
2023-01-03 01:21:00,12,5.691877898067405,3.574189829954767
2023-01-03 01:24:00,26,5.302959045133975,3.776130352694071
2023-01-03 01:27:00,37,5.537741599307176,3.0397088124659977
2023-01-03 01:30:00,25,5.20932922899718,3.0377475398087053
2023-01-03 01:33:00,38,5.273561201434392,3.521428579779002
2023-01-03 01:36:00,25,5.900451490069021,3.9618420894469533
2023-01-03 01:39:00,16,5.859595071914439,3.8845374164274054
2023-01-03 01:42:00,31,5.348624249469128,3.464551933242799
2023-01-03 01:45:00,49,5.213773628881213,3.2452830490148044
2023-01-03 01:48:00,22,5.98121909927589,3.343706403495177
2023-01-03 01:51:00,37,5.814056025910443,3.415376222706726
2023-01-03 01:54:00,10,5.681051246329242,3.9994715589314223
2023-01-03 01:57:00,18,5.780087535144327,3.3607929981263016
