timestamp,normal_flow,anomalous_flow
2023-01-01 00:00:00,20.993428306022466,20.993428306022466
2023-01-01 00:30:00,21.056340951395416,21.056340951395416
2023-01-01 01:00:00,23.937331094914242,23.937331094914242
2023-01-01 01:30:00,26.949952464451,26.949952464451
2023-01-01 02:00:00,24.6278596764725,24.6278596764725
2023-01-01 02:30:00,25.72922497570409,25.72922497570409
2023-01-01 03:00:00,30.346662469794076,30.346662469794076
2023-01-01 03:30:00,29.585569989581447,29.585569989581447
2023-01-01 04:00:00,27.83055051019681,27.83055051019681
2023-01-01 04:30:00,30.416926197587955,30.416926197587955
2023-01-01 05:00:00,28.80075125202545,28.80075125202545
2023-01-01 05:30:00,29.018318643744525,29.018318643744525
2023-01-01 06:00:00,30.478340180434614,30.478340180434614
2023-01-01 06:30:00,26.03414205058469,26.03414205058469
2023-01-01 07:00:00,26.101189307043057,26.101189307043057
2023-01-01 07:30:00,27.94633407886146,27.94633407886146
2023-01-01 08:00:00,26.403260473499124,26.403260473499124
2023-01-01 08:30:00,28.26501663066387,28.26501663066387
2023-01-01 09:00:00,24.89179915034981,24.89179915034981
2023-01-01 09:30:00,22.834863540635368,22.834863540635368
2023-01-01 10:00:00,27.441398730004124,27.441398730004124
2023-01-01 10:30:00,22.828695977422623,22.828695977422623
2023-01-01 11:00:00,22.126916260414212,22.126916260414212
2023-01-01 11:30:00,17.818429965024304,17.818429965024304
2023-01-01 12:00:00,18.243308213498423,18.243308213498423
2023-01-01 12:30:00,18.22998532838137,18.22998532838137
2023-01-01 13:00:00,14.417764266759702,14.417764266759702
2023-01-01 13:30:00,16.241294844530323,16.241294844530323
2023-01-01 14:00:00,13.139251676856443,13.139251676856443
2023-01-01 14:30:00,12.708765199021215,-2.291234800978785
2023-01-01 15:00:00,11.160064810067889,11.160064810067889
2023-01-01 15:30:00,15.275633654849905,15.275633654849905
2023-01-01 16:00:00,10.902096413180725,10.902096413180725
2023-01-01 16:30:00,8.333553170019076,8.333553170019076
2023-01-01 17:00:00,11.784387284306092,11.784387284306092
2023-01-01 17:30:00,7.563897062755409,7.563897062755409
2023-01-01 18:00:00,10.467949039124472,10.467949039124472
2023-01-01 18:30:00,6.353073114590076,6.353073114590076
2023-01-01 19:00:00,8.011821791787114,8.011821791787114
2023-01-01 19:30:00,11.624223189671532,11.624223189671532
2023-01-01 20:00:00,13.426232628715194,13.426232628715194
2023-01-01 20:30:00,13.154499723600644,13.154499723600644
2023-01-01 21:00:00,13.571204545621066,13.571204545621066
2023-01-01 21:30:00,14.301626182902243,14.301626182902243
2023-01-01 22:00:00,13.139063267630192,-1.860936732369808
2023-01-01 22:30:00,15.91835756449772,15.91835756449772
2023-01-01 23:00:00,17.745852904342634,17.745852904342634
2023-01-01 23:30:00,22.114244452437827,22.114244452437827
2023-01-02 00:00:00,20.687236579136922,20.687236579136922
2023-01-02 00:30:00,17.806789243012318,32.80678924301232
2023-01-02 01:00:00,23.29012195750245,23.29012195750245
2023-01-02 01:30:00,23.133728190802316,8.133728190802316
2023-01-02 02:00:00,23.742322425307254,23.742322425307254
2023-01-02 02:30:00,27.420851467284187,27.420851467284187
2023-01-02 03:00:00,29.250235883771197,29.250235883771197
2023-01-02 03:30:00,29.913260769508028,29.913260769508028
2023-01-02 04:00:00,27.091064235621438,27.091064235621438
2023-01-02 04:30:00,28.713381358713598,28.713381358713598
2023-01-02 05:00:00,30.3901135004575,30.3901135004575
2023-01-02 05:30:00,31.900868405129756,31.900868405129756
2023-01-02 06:00:00,29.036067161611964,29.036067161611964
2023-01-02 06:30:00,29.489384586572655,29.489384586572655
2023-01-02 07:00:00,27.338355024057066,27.338355024057066
2023-01-02 07:30:00,26.678495889182066,26.678495889182066
2023-01-02 08:00:00,30.053974358956367,30.053974358956367
2023-01-02 08:30:00,30.349002022614968,15.349002022614968
2023-01-02 09:00:00,26.563827058231567,26.563827058231567
2023-01-02 09:30:00,27.66653673909,12.666536739089999
2023-01-02 10:00:00,25.233373242256285,25.233373242256285
2023-01-02 10:30:00,21.990009069185444,21.990009069185444
2023-01-02 11:00:00,22.71465106205519,22.71465106205519
2023-01-02 11:30:00,23.743999470383155,23.743999470383155
2023-01-02 12:00:00,19.260421584328885,19.260421584328885
2023-01-02 12:30:00,21.137427460589652,21.137427460589652
2023-01-02 13:00:00,11.480261213424818,11.480261213424818
2023-01-02 13:30:00,17.133703816589428,17.133703816589428
2023-01-02 14:00:00,14.514623193170396,14.514623193170396
2023-01-02 14:30:00,12.694137997676034,12.694137997676034
2023-01-02 15:00:00,12.546999587597687,12.546999587597687
2023-01-02 15:30:00,7.595939456630243,7.595939456630243
2023-01-02 16:00:00,10.48974708698157,10.48974708698157
2023-01-02 16:30:00,11.163200170954369,11.163200170954369
2023-01-02 17:00:00,13.095085549582747,13.095085549582747
2023-01-02 17:30:00,8.969043926150158,8.969043926150158
2023-01-02 18:00:00,8.433234643328586,8.433234643328586
2023-01-02 18:30:00,9.268899275180555,9.268899275180555
2023-01-02 19:00:00,12.498998124988123,12.498998124988123
2023-01-02 19:30:00,11.888002937252654,11.888002937252654
2023-01-02 20:00:00,10.889779061190296,10.889779061190296
2023-01-02 20:30:00,13.838298027447415,13.838298027447415
2023-01-02 21:00:00,13.996656209093628,13.996656209093628
2023-01-02 21:30:00,16.8411235551466,16.8411235551466
2023-01-02 22:00:00,14.692001060610343,14.692001060610343
2023-01-02 22:30:00,16.7027216880916,16.7027216880916
2023-01-02 23:00:00,17.882914139997894,17.882914139997894
2023-01-02 23:30:00,17.07297010373576,17.07297010373576
2023-01-03 00:00:00,20.59224055412915,20.59224055412915
2023-01-03 00:30:00,21.854980098097567,21.854980098097567
2023-01-03 01:00:00,22.65218093199778,22.65218093199778
2023-01-03 01:30:00,23.434718484884655,23.434718484884655
2023-01-03 02:00:00,22.265424941818345,22.265424941818345
2023-01-03 02:30:00,25.35620824407173,25.35620824407173
2023-01-03 03:00:00,26.502807805725755,26.502807805725755
2023-01-03 03:30:00,26.446145992832392,26.446145992832392
2023-01-03 04:00:00,28.446927858734696,28.446927858734696
2023-01-03 04:30:00,30.139907824045103,30.139907824045103
2023-01-03 05:00:00,33.49995844007143,33.49995844007143
2023-01-03 05:30:00,30.298933776548715,30.298933776548715
2023-01-03 06:00:00,30.509516418748074,30.509516418748074
2023-01-03 06:30:00,29.711810708367953,29.711810708367953
2023-01-03 07:00:00,25.713482541471038,25.713482541471038
2023-01-03 07:30:00,29.017881386444973,29.017881386444973
2023-01-03 08:00:00,28.549383134050025,28.549383134050025
2023-01-03 08:30:00,32.56300619044389,32.56300619044389
2023-01-03 09:00:00,26.32312537182999,26.32312537182999
2023-01-03 09:30:00,26.262565627973178,11.262565627973178
2023-01-03 10:00:00,24.44067765275053,24.44067765275053
2023-01-03 10:30:00,20.942892503156628,20.942892503156628
2023-01-03 11:00:00,24.277505480068406,24.277505480068406
2023-01-03 11:30:00,22.171792402824764,22.171792402824764
2023-01-03 12:00:00,20.91413755663488,20.91413755663488
2023-01-03 12:30:00,16.18936523937216,16.18936523937216
2023-01-03 13:00:00,19.525340043476504,19.525340043476504
2023-01-03 13:30:00,12.686196682254419,-2.313803317745581
2023-01-03 14:00:00,15.514243244294592,15.514243244294592
2023-01-03 14:30:00,17.673063950227725,17.673063950227725
2023-01-03 15:00:00,10.382405384265306,10.382405384265306
2023-01-03 15:30:00,10.438481826626486,10.438481826626486
2023-01-03 16:00:00,11.128393592831877,11.128393592831877
2023-01-03 16:30:00,9.442023719698478,9.442023719698478
2023-01-03 17:00:00,7.0379705979674485,7.0379705979674485
2023-01-03 17:30:00,10.142710312309507,10.142710312309507
2023-01-03 18:00:00,7.92561442166275,7.92561442166275
2023-01-03 18:30:00,11.219598223619991,11.219598223619991
2023-01-03 19:00:00,8.829345421116368,8.829345421116368
2023-01-03 19:30:00,14.330369527968365,14.330369527968365
2023-01-03 20:00:00,10.382792884051899,10.382792884051899
2023-01-03 20:30:00,12.167640128809353,12.167640128809353
2023-01-03 21:00:00,15.429535545136886,15.429535545136886
2023-01-03 21:30:00,12.44210494121291,12.44210494121291
2023-01-03 22:00:00,16.551027117573305,16.551027117573305
2023-01-03 22:30:00,19.972331489851992,34.972331489851996
2023-01-03 23:00:00,15.452163977139755,15.452163977139755
2023-01-03 23:30:00,20.369267717064606,20.369267717064606
2023-01-04 00:00:00,20.519765588496846,20.519765588496846
2023-01-04 00:30:00,22.896515297292407,22.896515297292407
2023-01-04 01:00:00,20.168052596956695,20.168052596956695
2023-01-04 01:30:00,21.262979525466395,21.262979525466395
2023-01-04 02:00:00,26.140049557152967,26.140049557152967
2023-01-04 02:30:00,26.791468236068823,26.791468236068823
2023-01-04 03:00:00,27.689222539471047,27.689222539471047
2023-01-04 03:30:00,28.74359695026958,28.74359695026958
2023-01-04 04:00:00,27.409449838909733,27.409449838909733
2023-01-04 04:30:00,29.79631350473803,29.79631350473803
2023-01-04 05:00:00,30.313731584247734,30.313731584247734
2023-01-04 05:30:00,28.521075314832302,28.521075314832302
2023-01-04 06:00:00,33.72596465959206,33.72596465959206
2023-01-04 06:30:00,30.808368381723863,30.808368381723863
2023-01-04 07:00:00,27.168417977663825,27.168417977663825
2023-01-04 07:30:00,30.384016354611067,30.384016354611067
2023-01-04 08:00:00,26.47955937371333,26.47955937371333
2023-01-04 08:30:00,29.210691172958224,29.210691172958224
2023-01-04 09:00:00,29.025038459407043,29.025038459407043
2023-01-04 09:30:00,24.01810630660253,24.01810630660253
2023-01-04 10:00:00,26.43685345064966,26.43685345064966
2023-01-04 10:30:00,24.10581043226869,24.10581043226869
2023-01-04 11:00:00,23.63598017102734,23.63598017102734
2023-01-04 11:30:00,24.46151230275911,24.46151230275911
2023-01-04 12:00:00,18.841297430543047,33.84129743054305
2023-01-04 12:30:00,16.50066782024666,16.50066782024666
2023-01-04 13:00:00,14.940722562353262,14.940722562353262
2023-01-04 13:30:00,13.858278237908102,13.858278237908102
2023-01-04 14:00:00,14.186325637865844,14.186325637865844
2023-01-04 14:30:00,13.974456648241057,13.974456648241057
2023-01-04 15:00:00,12.916859633186721,12.916859633186721
2023-01-04 15:30:00,13.225443783904076,13.225443783904076
2023-01-04 16:00:00,10.955094646412407,10.955094646412407
2023-01-04 16:30:00,13.35604318224551,13.35604318224551
2023-01-04 17:00:00,9.609983793623801,9.609983793623801
2023-01-04 17:30:00,15.44592269587669,15.44592269587669
2023-01-04 18:00:00,11.301556544644972,11.301556544644972
2023-01-04 18:30:00,8.558098249517062,8.558098249517062
2023-01-04 19:00:00,8.52640889346175,8.52640889346175
2023-01-04 19:30:00,12.195445548419656,12.195445548419656
2023-01-04 20:00:00,11.50237389807267,11.50237389807267
2023-01-04 20:30:00,14.239764149404888,14.239764149404888
2023-01-04 21:00:00,14.748976359544637,14.748976359544637
2023-01-04 21:30:00,14.758175748767075,14.758175748767075
2023-01-04 22:00:00,14.402519812228238,14.402519812228238
2023-01-04 22:30:00,14.328351531915409,14.328351531915409
2023-01-04 23:00:00,17.774100542128167,17.774100542128167
2023-01-04 23:30:00,21.712797588646943,21.712797588646943
2023-01-05 00:00:00,20.42818748826041,20.42818748826041
2023-01-05 00:30:00,18.84139199631381,18.84139199631381
2023-01-05 01:00:00,22.988315870415224,22.988315870415224
2023-01-05 01:30:00,24.674527511092624,24.674527511092624
2023-01-05 02:00:00,23.328451553516906,23.328451553516906
2023-01-05 02:30:00,26.504949101493505,26.504949101493505
2023-01-05 03:00:00,27.304654275671293,12.304654275671293
2023-01-05 03:30:00,25.764759935614386,25.764759935614386
2023-01-05 04:00:00,29.48507400276328,29.48507400276328
2023-01-05 04:30:00,30.453375163152494,30.453375163152494
2023-01-05 05:00:00,31.893689124000925,31.893689124000925
2023-01-05 05:30:00,32.057382254954845,32.057382254954845
2023-01-05 06:00:00,27.239076901388362,27.239076901388362
2023-01-05 06:30:00,27.985052460070044,27.985052460070044
2023-01-05 07:00:00,30.58109550648644,30.58109550648644
2023-01-05 07:30:00,30.098481039167822,30.098481039167822
2023-01-05 08:00:00,29.459018086780066,29.459018086780066
2023-01-05 08:30:00,35.341984946782766,35.341984946782766
2023-01-05 09:00:00,27.849628322778567,27.849628322778567
2023-01-05 09:30:00,27.93060222366715,27.93060222366715
2023-01-05 10:00:00,26.418104719147422,26.418104719147422
2023-01-05 10:30:00,24.583031081007288,24.583031081007288
2023-01-05 11:00:00,21.36132136175767,21.36132136175767
2023-01-05 11:30:00,22.18586477843775,22.18586477843775
2023-01-05 12:00:00,17.78642323347364,17.78642323347364
2023-01-05 12:30:00,17.534502935481623,17.534502935481623
2023-01-05 13:00:00,15.7490243259461,15.7490243259461
2023-01-05 13:30:00,15.653647086611626,15.653647086611626
2023-01-05 14:00:00,18.969846190041068,18.969846190041068
2023-01-05 14:30:00,9.557622313424272,9.557622313424272
2023-01-05 15:00:00,13.73599841527571,13.73599841527571
2023-01-05 15:30:00,8.345645543452726,8.345645543452726
2023-01-05 16:00:00,9.985227131077727,9.985227131077727
2023-01-05 16:30:00,12.626876221865608,12.626876221865608
2023-01-05 17:00:00,10.26785749829064,10.26785749829064
2023-01-05 17:30:00,7.850094806838841,7.850094806838841
2023-01-05 18:00:00,8.619614430595023,8.619614430595023
2023-01-05 18:30:00,11.631608860218979,11.631608860218979
2023-01-05 19:00:00,9.207460626149702,9.207460626149702
2023-01-05 19:30:00,11.663417897097235,11.663417897097235
2023-01-05 20:00:00,12.040443148532,12.040443148532
2023-01-05 20:30:00,11.508562466009069,11.508562466009069
2023-01-05 21:00:00,18.090389289048197,18.090389289048197
2023-01-05 21:30:00,16.171671618716843,16.171671618716843
2023-01-05 22:00:00,12.045822075049834,12.045822075049834
2023-01-05 22:30:00,17.730954610825993,2.730954610825993
2023-01-05 23:00:00,17.343557516725433,17.343557516725433
2023-01-05 23:30:00,21.704866669592445,21.704866669592445
2023-01-06 00:00:00,18.414958523134597,33.4149585231346
2023-01-06 00:30:00,21.10339667080399,21.10339667080399
2023-01-06 01:00:00,23.65192857667377,23.65192857667377
2023-01-06 01:30:00,25.635403139975192,25.635403139975192
2023-01-06 02:00:00,22.69557361180762,37.69557361180762
2023-01-06 02:30:00,25.528496417920554,25.528496417920554
2023-01-06 03:00:00,26.23834621645738,26.23834621645738
2023-01-06 03:30:00,26.744042066128205,26.744042066128205
2023-01-06 04:00:00,32.30040776262891,32.30040776262891
2023-01-06 04:30:00,30.141769532337936,30.141769532337936
2023-01-06 05:00:00,27.205818728980283,27.205818728980283
2023-01-06 05:30:00,31.78550204499459,31.78550204499459
2023-01-06 06:00:00,34.23872803132781,34.23872803132781
2023-01-06 06:30:00,31.925633061002582,31.925633061002582
2023-01-06 07:00:00,26.512285040161096,26.512285040161096
2023-01-06 07:30:00,28.102440991610905,28.102440991610905
2023-01-06 08:00:00,30.962745012541216,30.962745012541216
2023-01-06 08:30:00,26.22118303423576,26.22118303423576
2023-01-06 09:00:00,27.595486157684693,27.595486157684693
2023-01-06 09:30:00,27.208739050164624,27.208739050164624
2023-01-06 10:00:00,22.65624024900485,22.65624024900485
2023-01-06 10:30:00,23.161197866272094,23.161197866272094
2023-01-06 11:00:00,15.509325170900219,15.509325170900219
2023-01-06 11:30:00,18.619151054782638,18.619151054782638
2023-01-06 12:00:00,18.826937359762468,18.826937359762468
2023-01-06 12:30:00,15.512573785031941,15.512573785031941
2023-01-06 13:00:00,19.984574029467577,19.984574029467577
2023-01-06 13:30:00,12.629616051917715,12.629616051917715
2023-01-06 14:00:00,13.460440083300085,13.460440083300085
2023-01-06 14:30:00,13.553633853179951,13.553633853179951
2023-01-06 15:00:00,15.246024612658914,30.246024612658914
2023-01-06 15:30:00,8.699352983473151,8.699352983473151
2023-01-06 16:00:00,13.255418366966513,13.255418366966513
2023-01-06 16:30:00,10.46944114997005,10.46944114997005
2023-01-06 17:00:00,8.176280158003813,-6.823719841996187
2023-01-06 17:30:00,10.929791311223994,25.929791311223994
2023-01-06 18:00:00,10.4483412402619,10.4483412402619
2023-01-06 18:30:00,9.071979608032038,9.071979608032038
2023-01-06 19:00:00,10.807798059564012,10.807798059564012
2023-01-06 19:30:00,10.459873524209765,10.459873524209765
2023-01-06 20:00:00,12.176334159226869,12.176334159226869
2023-01-06 20:30:00,14.136024510262796,14.136024510262796
2023-01-06 21:00:00,16.97453474268825,16.97453474268825
2023-01-06 21:30:00,12.428202576427122,12.428202576427122
2023-01-06 22:00:00,20.36217399767758,20.36217399767758
2023-01-06 22:30:00,13.453870382242133,13.453870382242133
2023-01-06 23:00:00,18.363560256191043,18.363560256191043
2023-01-06 23:30:00,21.17663441296915,21.17663441296915
2023-01-07 00:00:00,20.561983735470065,20.561983735470065
2023-01-07 00:30:00,20.087470514096598,20.087470514096598
2023-01-07 01:00:00,22.225709517998308,22.225709517998308
2023-01-07 01:30:00,22.917890882317284,22.917890882317284
2023-01-07 02:00:00,23.917436912030748,23.917436912030748
2023-01-07 02:30:00,27.8967030836445,27.8967030836445
2023-01-07 03:00:00,27.902267810709386,27.902267810709386
2023-01-07 03:30:00,26.664881340754324,26.664881340754324
2023-01-07 04:00:00,30.568699032933218,30.568699032933218
2023-01-07 04:30:00,29.946405152169245,29.946405152169245
2023-01-07 05:00:00,31.353310875328294,31.353310875328294
2023-01-07 05:30:00,31.209035834732262,31.209035834732262
2023-01-07 06:00:00,28.3364256154584,28.3364256154584
2023-01-07 06:30:00,28.74034045950635,28.74034045950635
2023-01-07 07:00:00,31.045612182315647,31.045612182315647
2023-01-07 07:30:00,30.291649668210336,30.291649668210336
2023-01-07 08:00:00,28.387119526239676,28.387119526239676
2023-01-07 08:30:00,27.871176732090884,27.871176732090884
2023-01-07 09:00:00,29.263177092969084,14.263177092969084
2023-01-07 09:30:00,24.476328165634293,24.476328165634293
2023-01-07 10:00:00,25.604295954501094,25.604295954501094
2023-01-07 10:30:00,22.875863273527905,22.875863273527905
2023-01-07 11:00:00,21.556497444583922,6.556497444583922
2023-01-07 11:30:00,22.8654800414256,22.8654800414256
2023-01-07 12:00:00,20.982906360524847,20.982906360524847
2023-01-07 12:30:00,19.635159420962918,19.635159420962918
2023-01-07 13:00:00,19.330709035912967,19.330709035912967
2023-01-07 13:30:00,15.531906491104499,15.531906491104499
2023-01-07 14:00:00,15.70443499928398,15.70443499928398
2023-01-07 14:30:00,12.671619185420857,12.671619185420857
2023-01-07 15:00:00,13.011810739503566,13.011810739503566
2023-01-07 15:30:00,11.31079117709666,11.31079117709666
2023-01-07 16:00:00,11.12308279264203,11.12308279264203
2023-01-07 16:30:00,11.639289078804703,11.639289078804703
2023-01-07 17:00:00,8.502856093632769,8.502856093632769
2023-01-07 17:30:00,14.190358914068373,14.190358914068373
2023-01-07 18:00:00,8.038187086115556,-6.961812913884444
2023-01-07 18:30:00,7.844036136774164,7.844036136774164
2023-01-07 19:00:00,12.98441563658411,12.98441563658411
2023-01-07 19:30:00,12.813826105859157,12.813826105859157
2023-01-07 20:00:00,13.197539102828683,13.197539102828683
2023-01-07 20:30:00,14.068454179749263,14.068454179749263
2023-01-07 21:00:00,13.778007564703717,13.778007564703717
2023-01-07 21:30:00,13.109324831109157,13.109324831109157
2023-01-07 22:00:00,16.2477163647525,16.2477163647525
2023-01-07 22:30:00,16.003722558262915,16.003722558262915
2023-01-07 23:00:00,20.61736991309771,20.61736991309771
2023-01-07 23:30:00,19.70588523699572,19.70588523699572
2023-01-08 00:00:00,18.349005606414977,18.349005606414977
2023-01-08 00:30:00,20.6900978704318,20.6900978704318
2023-01-08 01:00:00,23.467816927264106,23.467816927264106
2023-01-08 01:30:00,22.776443646026998,22.776443646026998
2023-01-08 02:00:00,23.45172563478631,23.45172563478631
2023-01-08 02:30:00,26.684873312586273,26.684873312586273
2023-01-08 03:00:00,27.67816998099674,27.67816998099674
2023-01-08 03:30:00,27.03681418053337,27.03681418053337
2023-01-08 04:00:00,27.827422670830067,27.827422670830067
2023-01-08 04:30:00,29.7959059851313,29.7959059851313
2023-01-08 05:00:00,26.831417954655723,26.831417954655723
2023-01-08 05:30:00,27.134850602131927,27.134850602131927
2023-01-08 06:00:00,28.55752719479767,28.55752719479767
2023-01-08 06:30:00,29.433808236476594,29.433808236476594
2023-01-08 07:00:00,30.17284010326513,45.17284010326513
2023-01-08 07:30:00,32.02162157124251,32.02162157124251
2023-01-08 08:00:00,30.14424196057201,30.14424196057201
2023-01-08 08:30:00,27.316644905546468,12.316644905546468
2023-01-08 09:00:00,26.669814885586856,26.669814885586856
2023-01-08 09:30:00,23.654412214030334,23.654412214030334
2023-01-08 10:00:00,24.473074920176238,24.473074920176238
2023-01-08 10:30:00,22.702931300555417,22.702931300555417
2023-01-08 11:00:00,22.63729697171454,22.63729697171454
2023-01-08 11:30:00,19.01346445034657,19.01346445034657
2023-01-08 12:00:00,20.370766691031132,20.370766691031132
2023-01-08 12:30:00,21.073617974966794,21.073617974966794
2023-01-08 13:00:00,16.502231124690592,16.502231124690592
2023-01-08 13:30:00,16.293322252036862,16.293322252036862
2023-01-08 14:00:00,15.720817040116277,15.720817040116277
2023-01-08 14:30:00,12.489711754836096,12.489711754836096
2023-01-08 15:00:00,12.811662998147517,12.811662998147517
2023-01-08 15:30:00,11.596262087395619,11.596262087395619
2023-01-08 16:00:00,11.124443059754258,11.124443059754258
2023-01-08 16:30:00,8.902955460219943,8.902955460219943
2023-01-08 17:00:00,10.1883178086176,10.1883178086176
2023-01-08 17:30:00,11.001580945188353,11.001580945188353
2023-01-08 18:00:00,12.952509064705044,12.952509064705044
2023-01-08 18:30:00,12.190955014520041,12.190955014520041
2023-01-08 19:00:00,14.974558804607089,14.974558804607089
2023-01-08 19:30:00,9.695805592157186,9.695805592157186
2023-01-08 20:00:00,13.69394074216573,13.69394074216573
2023-01-08 20:30:00,13.178447172697407,13.178447172697407
2023-01-08 21:00:00,18.18210697683289,18.18210697683289
2023-01-08 21:30:00,13.287237003370517,13.287237003370517
2023-01-08 22:00:00,14.416663564003496,14.416663564003496
2023-01-08 22:30:00,16.159260690399094,16.159260690399094
2023-01-08 23:00:00,14.419338997642596,14.419338997642596
2023-01-08 23:30:00,18.948489956638475,18.948489956638475
2023-01-09 00:00:00,18.481734676892604,18.481734676892604
2023-01-09 00:30:00,21.633657126690203,21.633657126690203
2023-01-09 01:00:00,23.325465970267178,23.325465970267178
2023-01-09 01:30:00,27.65623443006672,27.65623443006672
2023-01-09 02:00:00,26.997014102291274,26.997014102291274
2023-01-09 02:30:00,25.043691578277645,25.043691578277645
2023-01-09 03:00:00,25.39140749608258,25.39140749608258
2023-01-09 03:30:00,29.034538874288643,29.034538874288643
2023-01-09 04:00:00,26.12903286802543,26.12903286802543
2023-01-09 04:30:00,32.99472364212473,32.99472364212473
2023-01-09 05:00:00,32.086466879092946,32.086466879092946
2023-01-09 05:30:00,29.01142684667563,29.01142684667563
2023-01-09 06:00:00,26.56814657912079,26.56814657912079
2023-01-09 06:30:00,32.56844728823111,32.56844728823111
2023-01-09 07:00:00,29.321945281563885,29.321945281563885
2023-01-09 07:30:00,31.546541761290328,31.546541761290328
2023-01-09 08:00:00,25.240067396579235,25.240067396579235
2023-01-09 08:30:00,26.437771919565776,26.437771919565776
2023-01-09 09:00:00,26.718334700828603,26.718334700828603
2023-01-09 09:30:00,25.753432130835435,25.753432130835435
2023-01-09 10:00:00,23.60997024920253,23.60997024920253
2023-01-09 10:30:00,24.52594844309069,24.52594844309069
2023-01-09 11:00:00,19.856618992273173,19.856618992273173
2023-01-09 11:30:00,20.383167367408628,20.383167367408628
2023-01-09 12:00:00,19.572664925972585,19.572664925972585
2023-01-09 12:30:00,19.03701781707914,19.03701781707914
2023-01-09 13:00:00,18.142981177782087,18.142981177782087
2023-01-09 13:30:00,13.240614624163241,13.240614624163241
2023-01-09 14:00:00,11.272300715222809,11.272300715222809
2023-01-09 14:30:00,15.847506342404786,15.847506342404786
2023-01-09 15:00:00,13.028106058485866,13.028106058485866
2023-01-09 15:30:00,10.074104212718922,-4.925895787281078
2023-01-09 16:00:00,14.03139481370164,14.03139481370164
2023-01-09 16:30:00,10.680324296516593,10.680324296516593
2023-01-09 17:00:00,12.497891828227367,12.497891828227367
2023-01-09 17:30:00,10.140621325517671,10.140621325517671
2023-01-09 18:00:00,14.171717698878934,14.171717698878934
2023-01-09 18:30:00,13.783095047236037,13.783095047236037
2023-01-09 19:00:00,10.170265592625828,10.170265592625828
2023-01-09 19:30:00,13.173642619841996,13.173642619841996
2023-01-09 20:00:00,13.240051367894669,13.240051367894669
2023-01-09 20:30:00,15.549026276285401,15.549026276285401
2023-01-09 21:00:00,11.872654189237338,11.872654189237338
2023-01-09 21:30:00,16.275936494077698,16.275936494077698
2023-01-09 22:00:00,18.21295622206422,3.2129562220642214
2023-01-09 22:30:00,13.840567008440908,13.840567008440908
2023-01-09 23:00:00,16.30061342093066,1.3006134209306595
2023-01-09 23:30:00,15.921535644479796,15.921535644479796
2023-01-10 00:00:00,19.461186331110884,19.461186331110884
2023-01-10 00:30:00,22.76795406532971,22.76795406532971
2023-01-10 01:00:00,25.646668122904916,25.646668122904916
2023-01-10 01:30:00,24.0520823124745,24.0520823124745
2023-01-10 02:00:00,28.353397517061754,28.353397517061754
2023-01-10 02:30:00,23.437295973172667,23.437295973172667
2023-01-10 03:00:00,23.781471960068984,23.781471960068984
2023-01-10 03:30:00,27.93960513348239,27.93960513348239
2023-01-10 04:00:00,29.537630179945328,29.537630179945328
2023-01-10 04:30:00,29.26641661422784,29.26641661422784
2023-01-10 05:00:00,25.59270243757062,25.59270243757062
2023-01-10 05:30:00,29.77153807185946,29.77153807185946
2023-01-10 06:00:00,27.38547663629284,27.38547663629284
2023-01-10 06:30:00,31.200047637560363,31.200047637560363
2023-01-10 07:00:00,30.284221464262817,30.284221464262817
2023-01-10 07:30:00,27.191149564688697,27.191149564688697
2023-01-10 08:00:00,27.401188879494583,27.401188879494583
2023-01-10 08:30:00,25.51809492169542,25.51809492169542
2023-01-10 09:00:00,26.58248910684589,26.58248910684589
2023-01-10 09:30:00,27.569755584308428,27.569755584308428
2023-01-10 10:00:00,22.53864909948993,22.53864909948993
2023-01-10 10:30:00,24.28834160943138,24.28834160943138
2023-01-10 11:00:00,20.931344614293483,20.931344614293483
2023-01-10 11:30:00,19.08218067292653,19.08218067292653
2023-01-10 12:00:00,19.11801294263967,19.11801294263967
2023-01-10 12:30:00,15.937655504122892,15.937655504122892
2023-01-10 13:00:00,15.612452810909943,15.612452810909943
2023-01-10 13:30:00,13.094143022661283,13.094143022661283
2023-01-10 14:00:00,18.26997932252683,18.26997932252683
2023-01-10 14:30:00,13.362679802551225,13.362679802551225
2023-01-10 15:00:00,10.964027018541511,10.964027018541511
2023-01-10 15:30:00,11.999037107300474,11.999037107300474
2023-01-10 16:00:00,10.704434763274934,10.704434763274934
2023-01-10 16:30:00,10.00703582886443,10.00703582886443
2023-01-10 17:00:00,11.367630860186564,11.367630860186564
2023-01-10 17:30:00,11.520599782792063,11.520599782792063
2023-01-10 18:00:00,8.989219553893905,8.989219553893905
2023-01-10 18:30:00,9.120776881060268,9.120776881060268
2023-01-10 19:00:00,10.118090495280686,10.118090495280686
2023-01-10 19:30:00,6.626658388462116,6.626658388462116
2023-01-10 20:00:00,8.91891734432727,8.91891734432727
2023-01-10 20:30:00,15.545511696109752,15.545511696109752
2023-01-10 21:00:00,17.092436537400115,17.092436537400115
2023-01-10 21:30:00,14.405761494968065,14.405761494968065
2023-01-10 22:00:00,17.24922117447658,17.24922117447658
2023-01-10 22:30:00,17.98054629037421,17.98054629037421
2023-01-10 23:00:00,24.824892063172683,24.824892063172683
2023-01-10 23:30:00,22.23914982286915,22.23914982286915
2023-01-11 00:00:00,19.744164817038467,19.744164817038467
2023-01-11 00:30:00,19.421788672536934,19.421788672536934
2023-01-11 01:00:00,19.429061378197716,19.429061378197716
2023-01-11 01:30:00,24.310820023369395,24.310820023369395
2023-01-11 02:00:00,23.583464935350566,23.583464935350566
2023-01-11 02:30:00,23.3529914704071,23.3529914704071
2023-01-11 03:00:00,25.89509107029424,25.89509107029424
2023-01-11 03:30:00,25.88760452404684,25.88760452404684
2023-01-11 04:00:00,32.143782552211846,32.143782552211846
2023-01-11 04:30:00,31.095085624314926,31.095085624314926
2023-01-11 05:00:00,29.711641355017136,29.711641355017136
2023-01-11 05:30:00,32.90966642866509,32.90966642866509
2023-01-11 06:00:00,30.14915225259778,30.14915225259778
2023-01-11 06:30:00,28.13813413724376,28.13813413724376
2023-01-11 07:00:00,32.597273126608435,32.597273126608435
2023-01-11 07:30:00,30.148729224712724,30.148729224712724
2023-01-11 08:00:00,26.354430405515057,26.354430405515057
2023-01-11 08:30:00,27.255844609306106,27.255844609306106
2023-01-11 09:00:00,24.95661079462272,24.95661079462272
2023-01-11 09:30:00,22.89387148137728,22.89387148137728
2023-01-11 10:00:00,26.362456287224298,26.362456287224298
2023-01-11 10:30:00,27.099081859335953,27.099081859335953
2023-01-11 11:00:00,19.19472470340008,19.19472470340008
2023-01-11 11:30:00,21.793864810832357,21.793864810832357
2023-01-11 12:00:00,18.030788524305134,18.030788524305134
2023-01-11 12:30:00,17.03388938143225,17.03388938143225
2023-01-11 13:00:00,15.53496357312657,15.53496357312657
2023-01-11 13:30:00,13.761917268479348,13.761917268479348
2023-01-11 14:00:00,14.437572312583706,14.437572312583706
2023-01-11 14:30:00,11.630252465785693,11.630252465785693
2023-01-11 15:00:00,12.90439168608636,12.90439168608636
2023-01-11 15:30:00,11.470601066933755,11.470601066933755
2023-01-11 16:00:00,10.451194768923774,10.451194768923774
2023-01-11 16:30:00,8.63384770384768,8.63384770384768
2023-01-11 17:00:00,8.985754798963049,8.985754798963049
2023-01-11 17:30:00,11.516366814348965,11.516366814348965
2023-01-11 18:00:00,11.05205622436372,11.05205622436372
2023-01-11 18:30:00,8.317302872752526,8.317302872752526
2023-01-11 19:00:00,10.866858500442426,10.866858500442426
2023-01-11 19:30:00,12.733274964676863,12.733274964676863
2023-01-11 20:00:00,8.61048890648163,8.61048890648163
2023-01-11 20:30:00,13.898483545980573,13.898483545980573
2023-01-11 21:00:00,12.477253592505853,12.477253592505853
2023-01-11 21:30:00,16.04503091126714,16.04503091126714
2023-01-11 22:00:00,14.569588935280013,14.569588935280013
2023-01-11 22:30:00,13.748281779958099,13.748281779958099
2023-01-11 23:00:00,15.412045570495884,15.412045570495884
2023-01-11 23:30:00,20.09616989332276,20.09616989332276
2023-01-12 00:00:00,20.519445003442964,20.519445003442964
2023-01-12 00:30:00,19.52423630352897,19.52423630352897
2023-01-12 01:00:00,23.919138936267608,23.919138936267608
2023-01-12 01:30:00,20.58085262709703,20.58085262709703
2023-01-12 02:00:00,24.964006828624537,24.964006828624537
2023-01-12 02:30:00,23.775466490077537,23.775466490077537
2023-01-12 03:00:00,25.884564623174974,40.884564623174974
2023-01-12 03:30:00,28.145497873908457,43.145497873908454
2023-01-12 04:00:00,27.04867255149881,27.04867255149881
2023-01-12 04:30:00,28.562695021956376,28.562695021956376
2023-01-12 05:00:00,31.740172256079255,31.740172256079255
2023-01-12 05:30:00,28.79599441183874,28.79599441183874
2023-01-12 06:00:00,31.665799861432827,31.665799861432827
2023-01-12 06:30:00,27.60128883058505,27.60128883058505
2023-01-12 07:00:00,30.610633327899688,30.610633327899688
2023-01-12 07:30:00,31.954046378659207,31.954046378659207
2023-01-12 08:00:00,23.485633713913394,23.485633713913394
2023-01-12 08:30:00,26.04273145453237,26.04273145453237
2023-01-12 09:00:00,27.861991555753313,27.861991555753313
2023-01-12 09:30:00,25.253380171219966,25.253380171219966
2023-01-12 10:00:00,25.252392938903633,40.25239293890363
2023-01-12 10:30:00,22.07227820496405,22.07227820496405
2023-01-12 11:00:00,22.165039425984162,22.165039425984162
2023-01-12 11:30:00,20.356571866667057,20.356571866667057
2023-01-12 12:00:00,21.6676377858684,21.6676377858684
2023-01-12 12:30:00,18.516981835564067,18.516981835564067
2023-01-12 13:00:00,17.394956745754712,17.394956745754712
2023-01-12 13:30:00,14.666144875594044,14.666144875594044
2023-01-12 14:00:00,13.365316608549065,13.365316608549065
2023-01-12 14:30:00,12.427036322968528,12.427036322968528
2023-01-12 15:00:00,13.152382319283277,13.152382319283277
2023-01-12 15:30:00,10.729108324191504,10.729108324191504
2023-01-12 16:00:00,11.50864057644942,11.50864057644942
2023-01-12 16:30:00,14.599776625221754,14.599776625221754
2023-01-12 17:00:00,11.881546866963099,11.881546866963099
2023-01-12 17:30:00,9.35353729836177,9.35353729836177
2023-01-12 18:00:00,12.45264969344285,12.45264969344285
2023-01-12 18:30:00,9.456262616306525,9.456262616306525
2023-01-12 19:00:00,6.591944819228267,6.591944819228267
2023-01-12 19:30:00,9.214328096098477,9.214328096098477
2023-01-12 20:00:00,8.207715626672663,8.207715626672663
2023-01-12 20:30:00,12.108736193138085,12.108736193138085
2023-01-12 21:00:00,13.83933786877665,13.83933786877665
2023-01-12 21:30:00,18.256708198631387,18.256708198631387
2023-01-12 22:00:00,16.749961995893372,16.749961995893372
2023-01-12 22:30:00,16.91984492366941,16.91984492366941
2023-01-12 23:00:00,20.325941608629186,20.325941608629186
2023-01-12 23:30:00,15.577729381984227,15.577729381984227
2023-01-13 00:00:00,20.47122911621713,20.47122911621713
2023-01-13 00:30:00,22.874599941511722,22.874599941511722
2023-01-13 01:00:00,19.684781527153177,19.684781527153177
2023-01-13 01:30:00,26.191400838048807,26.191400838048807
2023-01-13 02:00:00,25.773159240908,25.773159240908
2023-01-13 02:30:00,25.366923061800847,25.366923061800847
2023-01-13 03:00:00,28.453800570991863,28.453800570991863
2023-01-13 03:30:00,32.59208624688442,32.59208624688442
2023-01-13 04:00:00,29.133231792183704,29.133231792183704
2023-01-13 04:30:00,29.828247283016697,29.828247283016697
2023-01-13 05:00:00,28.808864838569885,28.808864838569885
2023-01-13 05:30:00,28.250089411955454,28.250089411955454
2023-01-13 06:00:00,31.655087270391036,31.655087270391036
2023-01-13 06:30:00,28.148534888082555,43.14853488808255
2023-01-13 07:00:00,29.69415744650791,29.69415744650791
2023-01-13 07:30:00,28.115594243813174,28.115594243813174
2023-01-13 08:00:00,29.386882365660753,29.386882365660753
2023-01-13 08:30:00,28.303846176047216,28.303846176047216
2023-01-13 09:00:00,28.782927189908033,28.782927189908033
2023-01-13 09:30:00,24.639438145596458,24.639438145596458
2023-01-13 10:00:00,23.970351321574274,23.970351321574274
2023-01-13 10:30:00,21.32272114683108,6.322721146831078
2023-01-13 11:00:00,21.10327333088614,21.10327333088614
2023-01-13 11:30:00,21.422527323540923,21.422527323540923
2023-01-13 12:00:00,20.84605089583949,20.84605089583949
2023-01-13 12:30:00,16.16380950060639,16.16380950060639
2023-01-13 13:00:00,18.45896326181563,18.45896326181563
2023-01-13 13:30:00,18.20117452544888,18.20117452544888
2023-01-13 14:00:00,15.167398863141454,15.167398863141454
2023-01-13 14:30:00,17.045744323723902,32.0457443237239
2023-01-13 15:00:00,10.815899636319536,10.815899636319536
2023-01-13 15:30:00,9.081767879209195,9.081767879209195
2023-01-13 16:00:00,7.371650364848037,7.371650364848037
2023-01-13 16:30:00,13.441063650909243,13.441063650909243
2023-01-13 17:00:00,11.44802877280783,11.44802877280783
2023-01-13 17:30:00,9.894415020876544,9.894415020876544
2023-01-13 18:00:00,10.6101591017546,10.6101591017546
2023-01-13 18:30:00,8.021435267752874,8.021435267752874
2023-01-13 19:00:00,15.559697848817628,15.559697848817628
2023-01-13 19:30:00,11.48894308188374,11.48894308188374
2023-01-13 20:00:00,12.168089057934159,12.168089057934159
2023-01-13 20:30:00,14.263296409018087,14.263296409018087
2023-01-13 21:00:00,14.764519573870974,14.764519573870974
2023-01-13 21:30:00,15.351601622639084,15.351601622639084
2023-01-13 22:00:00,14.515158337474423,29.515158337474425
2023-01-13 22:30:00,18.300982695559128,18.300982695559128
2023-01-13 23:00:00,22.431179439212276,22.431179439212276
2023-01-13 23:30:00,22.69084009230995,22.69084009230995
2023-01-14 00:00:00,23.186373253278795,23.186373253278795
2023-01-14 00:30:00,20.310438200875417,20.310438200875417
2023-01-14 01:00:00,20.662744378195697,20.662744378195697
2023-01-14 01:30:00,23.652318911435653,23.652318911435653
2023-01-14 02:00:00,25.20761625049656,40.20761625049656
2023-01-14 02:30:00,28.385881926544346,28.385881926544346
2023-01-14 03:00:00,23.803307579349653,23.803307579349653
2023-01-14 03:30:00,31.109801170196857,31.109801170196857
2023-01-14 04:00:00,28.453483484908737,28.453483484908737
2023-01-14 04:30:00,28.478043970521185,28.478043970521185
2023-01-14 05:00:00,27.70337788713004,27.70337788713004
2023-01-14 05:30:00,26.6400648071535,26.6400648071535
2023-01-14 06:00:00,31.640756805226374,46.640756805226374
2023-01-14 06:30:00,30.007338474277095,30.007338474277095
2023-01-14 07:00:00,26.971103172587014,26.971103172587014
2023-01-14 07:30:00,26.480751593216173,26.480751593216173
2023-01-14 08:00:00,27.757353315587714,27.757353315587714
2023-01-14 08:30:00,30.974565016052107,30.974565016052107
2023-01-14 09:00:00,26.188664598665024,26.188664598665024
2023-01-14 09:30:00,22.65318503706974,22.65318503706974
2023-01-14 10:00:00,24.018615063989127,24.018615063989127
2023-01-14 10:30:00,22.73480143890035,22.73480143890035
2023-01-14 11:00:00,16.59808656515522,16.59808656515522
2023-01-14 11:30:00,20.55933660441559,20.55933660441559
2023-01-14 12:00:00,18.87020460213143,18.87020460213143
2023-01-14 12:30:00,19.400552878588478,19.400552878588478
2023-01-14 13:00:00,20.417663611494998,20.417663611494998
2023-01-14 13:30:00,17.743028866934495,17.743028866934495
2023-01-14 14:00:00,13.80275167558439,13.80275167558439
2023-01-14 14:30:00,11.079100881124429,11.079100881124429
2023-01-14 15:00:00,17.5101976410264,32.5101976410264
2023-01-14 15:30:00,11.689514153861005,11.689514153861005
2023-01-14 16:00:00,10.956949446482486,10.956949446482486
2023-01-14 16:30:00,10.40072485371087,10.40072485371087
2023-01-14 17:00:00,10.535466981635423,10.535466981635423
2023-01-14 17:30:00,9.716863538849568,9.716863538849568
2023-01-14 18:00:00,8.902897835354487,23.902897835354487
2023-01-14 18:30:00,9.178695479868843,9.178695479868843
2023-01-14 19:00:00,10.602687349151978,10.602687349151978
2023-01-14 19:30:00,10.143651175665756,10.143651175665756
2023-01-14 20:00:00,10.523607903370044,10.523607903370044
2023-01-14 20:30:00,13.024623616604497,13.024623616604497
2023-01-14 21:00:00,13.292546675555837,13.292546675555837
2023-01-14 21:30:00,17.911819551246197,17.911819551246197
2023-01-14 22:00:00,10.794167631579024,10.794167631579024
2023-01-14 22:30:00,19.541059685132062,19.541059685132062
2023-01-14 23:00:00,21.159300831257468,21.159300831257468
2023-01-14 23:30:00,15.853219535183698,15.853219535183698
2023-01-15 00:00:00,19.314624811839302,19.314624811839302
2023-01-15 00:30:00,20.589987821746202,20.589987821746202
2023-01-15 01:00:00,19.826930629277218,19.826930629277218
2023-01-15 01:30:00,22.3482593764532,22.3482593764532
2023-01-15 02:00:00,22.875014734987516,22.875014734987516
2023-01-15 02:30:00,29.702039776449695,29.702039776449695
2023-01-15 03:00:00,29.059593625074214,29.059593625074214
2023-01-15 03:30:00,30.59381072126395,30.59381072126395
2023-01-15 04:00:00,30.212843410153184,30.212843410153184
2023-01-15 04:30:00,27.073702567981567,27.073702567981567
2023-01-15 05:00:00,28.678546105090824,28.678546105090824
2023-01-15 05:30:00,30.928527273340872,30.928527273340872
2023-01-15 06:00:00,27.550160019518653,27.550160019518653
2023-01-15 06:30:00,31.286699400245062,31.286699400245062
2023-01-15 07:00:00,29.070374175752853,29.070374175752853
2023-01-15 07:30:00,28.321267522244213,28.321267522244213
2023-01-15 08:00:00,29.850842650574954,29.850842650574954
2023-01-15 08:30:00,28.5250485884454,28.5250485884454
2023-01-15 09:00:00,25.985914969754074,25.985914969754074
2023-01-15 09:30:00,27.978130550034447,27.978130550034447
2023-01-15 10:00:00,22.34797453696122,22.34797453696122
2023-01-15 10:30:00,24.51211979228422,24.51211979228422
2023-01-15 11:00:00,23.17806236697513,23.17806236697513
2023-01-15 11:30:00,20.048833458823236,5.0488334588232355
2023-01-15 12:00:00,19.984339707033023,19.984339707033023
2023-01-15 12:30:00,15.505912996191034,15.505912996191034
2023-01-15 13:00:00,18.56780546001811,18.56780546001811
2023-01-15 13:30:00,15.120094534953001,15.120094534953001
2023-01-15 14:00:00,13.295083015655973,13.295083015655973
2023-01-15 14:30:00,15.390171150281548,15.390171150281548
2023-01-15 15:00:00,10.954790653441163,10.954790653441163
2023-01-15 15:30:00,8.75415469310491,8.75415469310491
2023-01-15 16:00:00,7.815832515608786,7.815832515608786
2023-01-15 16:30:00,11.660994930622156,11.660994930622156
2023-01-15 17:00:00,7.578438755107148,7.578438755107148
2023-01-15 17:30:00,13.515172726666183,13.515172726666183
2023-01-15 18:00:00,5.886363033347516,5.886363033347516
2023-01-15 18:30:00,13.665326098929704,13.665326098929704
2023-01-15 19:00:00,11.090228823989213,11.090228823989213
2023-01-15 19:30:00,11.0370744941925,11.0370744941925
2023-01-15 20:00:00,10.859461295106474,10.859461295106474
2023-01-15 20:30:00,13.610035389924846,13.610035389924846
2023-01-15 21:00:00,13.72723170554785,13.72723170554785
2023-01-15 21:30:00,17.110437338113865,17.110437338113865
2023-01-15 22:00:00,16.324562545689126,16.324562545689126
2023-01-15 22:30:00,17.658649504210892,17.658649504210892
2023-01-15 23:00:00,17.9399060218345,17.9399060218345
2023-01-15 23:30:00,19.886108752557863,19.886108752557863
2023-01-16 00:00:00,20.615603537784118,20.615603537784118
2023-01-16 00:30:00,17.912532768424537,17.912532768424537
2023-01-16 01:00:00,19.945583174501433,19.945583174501433
2023-01-16 01:30:00,25.39042093968038,25.39042093968038
2023-01-16 02:00:00,25.437897302175056,25.437897302175056
2023-01-16 02:30:00,25.829532216897093,25.829532216897093
2023-01-16 03:00:00,27.22510470491008,27.22510470491008
2023-01-16 03:30:00,28.745863941998973,28.745863941998973
2023-01-16 04:00:00,27.689979921447993,27.689979921447993
2023-01-16 04:30:00,27.7751966596114,27.7751966596114
2023-01-16 05:00:00,30.119277147845736,30.119277147845736
2023-01-16 05:30:00,27.993032595654974,27.993032595654974
2023-01-16 06:00:00,30.810921148731488,30.810921148731488
2023-01-16 06:30:00,26.455535331424606,26.455535331424606
2023-01-16 07:00:00,31.60933624672041,31.60933624672041
2023-01-16 07:30:00,30.016104102169493,30.016104102169493
2023-01-16 08:00:00,28.94098218279572,28.94098218279572
2023-01-16 08:30:00,29.601903933364348,29.601903933364348
2023-01-16 09:00:00,30.038796190317388,30.038796190317388
2023-01-16 09:30:00,27.688211073342213,27.688211073342213
2023-01-16 10:00:00,20.828352729497727,20.828352729497727
2023-01-16 10:30:00,20.72109464492429,20.72109464492429
2023-01-16 11:00:00,20.742222695647005,20.742222695647005
2023-01-16 11:30:00,20.720108437872884,20.720108437872884
2023-01-16 12:00:00,20.367391703487034,20.367391703487034
2023-01-16 12:30:00,16.55665252265471,16.55665252265471
2023-01-16 13:00:00,17.093284950558463,32.09328495055846
2023-01-16 13:30:00,13.979132943132335,13.979132943132335
2023-01-16 14:00:00,13.117493450710155,13.117493450710155
2023-01-16 14:30:00,10.478830504911324,10.478830504911324
2023-01-16 15:00:00,10.517011542304875,10.517011542304875
2023-01-16 15:30:00,8.867708074599362,8.867708074599362
2023-01-16 16:00:00,8.977344356701929,8.977344356701929
2023-01-16 16:30:00,12.556258621146554,12.556258621146554
2023-01-16 17:00:00,8.240499682435829,8.240499682435829
2023-01-16 17:30:00,15.270348492372236,15.270348492372236
2023-01-16 18:00:00,11.036857650876739,26.03685765087674
2023-01-16 18:30:00,10.642085609739375,10.642085609739375
2023-01-16 19:00:00,8.951478329221548,8.951478329221548
2023-01-16 19:30:00,12.631120476751269,12.631120476751269
2023-01-16 20:00:00,10.798023816248826,10.798023816248826
2023-01-16 20:30:00,13.055782790511426,13.055782790511426
2023-01-16 21:00:00,18.922670186935136,18.922670186935136
2023-01-16 21:30:00,14.711713774631521,14.711713774631521
2023-01-16 22:00:00,18.394653900936397,18.394653900936397
2023-01-16 22:30:00,15.951693131035363,15.951693131035363
2023-01-16 23:00:00,18.597153465268285,18.597153465268285
2023-01-16 23:30:00,23.541601271271016,23.541601271271016
2023-01-17 00:00:00,18.746065884424464,18.746065884424464
2023-01-17 00:30:00,24.957766669731644,24.957766669731644
2023-01-17 01:00:00,24.05745788962381,24.05745788962381
2023-01-17 01:30:00,22.778959199846412,22.778959199846412
2023-01-17 02:00:00,26.360981904030215,41.36098190403021
2023-01-17 02:30:00,28.14260778885591,28.14260778885591
2023-01-17 03:00:00,28.431856763213688,28.431856763213688
2023-01-17 03:30:00,24.910251091494718,24.910251091494718
2023-01-17 04:00:00,27.315224930416978,27.315224930416978
2023-01-17 04:30:00,28.836768839313017,28.836768839313017
2023-01-17 05:00:00,29.578719779450278,29.578719779450278
2023-01-17 05:30:00,31.191122345986393,31.191122345986393
2023-01-17 06:00:00,30.349817639169054,30.349817639169054
2023-01-17 06:30:00,27.190013822480086,27.190013822480086
2023-01-17 07:00:00,30.31142067408105,30.31142067408105
2023-01-17 07:30:00,30.29208062791105,30.29208062791105
2023-01-17 08:00:00,29.54850361003005,29.54850361003005
2023-01-17 08:30:00,29.798083416582564,29.798083416582564
2023-01-17 09:00:00,28.375691610490044,28.375691610490044
2023-01-17 09:30:00,26.577831101762825,26.577831101762825
2023-01-17 10:00:00,24.36976976924372,24.36976976924372
2023-01-17 10:30:00,19.95832671136371,19.95832671136371
2023-01-17 11:00:00,22.851096289303534,22.851096289303534
2023-01-17 11:30:00,21.083301711777438,21.083301711777438
2023-01-17 12:00:00,19.875231336939535,19.875231336939535
2023-01-17 12:30:00,15.454642997321022,30.454642997321024
2023-01-17 13:00:00,14.557638340787783,14.557638340787783
2023-01-17 13:30:00,17.596204514504787,17.596204514504787
2023-01-17 14:00:00,14.261418748980741,14.261418748980741
2023-01-17 14:30:00,14.655154093353017,14.655154093353017
2023-01-17 15:00:00,12.420114786787606,12.420114786787606
2023-01-17 15:30:00,11.63058956482352,11.63058956482352
2023-01-17 16:00:00,12.805658474608588,12.805658474608588
2023-01-17 16:30:00,9.416885571496127,9.416885571496127
2023-01-17 17:00:00,10.331539013981681,10.331539013981681
2023-01-17 17:30:00,9.081033785287369,9.081033785287369
2023-01-17 18:00:00,9.181229394250328,9.181229394250328
2023-01-17 18:30:00,9.65406911541235,9.65406911541235
2023-01-17 19:00:00,11.1124614328514,11.1124614328514
2023-01-17 19:30:00,10.27300347460633,10.27300347460633
2023-01-17 20:00:00,14.460811719871415,14.460811719871415
2023-01-17 20:30:00,11.022548556781695,11.022548556781695
2023-01-17 21:00:00,13.428757822074829,13.428757822074829
2023-01-17 21:30:00,14.024371457532471,14.024371457532471
2023-01-17 22:00:00,18.990063017072515,18.990063017072515
2023-01-17 22:30:00,17.751155534310286,17.751155534310286
2023-01-17 23:00:00,20.73081952519948,20.73081952519948
2023-01-17 23:30:00,17.028879253926053,17.028879253926053
2023-01-18 00:00:00,20.534100531738517,20.534100531738517
2023-01-18 00:30:00,23.112131144984662,23.112131144984662
2023-01-18 01:00:00,22.806521997263708,22.806521997263708
2023-01-18 01:30:00,26.034853501765653,11.034853501765653
2023-01-18 02:00:00,24.06158952571843,24.06158952571843
2023-01-18 02:30:00,29.01619376997361,29.01619376997361
2023-01-18 03:00:00,31.786033086017795,31.786033086017795
2023-01-18 03:30:00,27.325023410396312,27.325023410396312
2023-01-18 04:00:00,27.87849423926517,27.87849423926517
2023-01-18 04:30:00,32.23857506465143,32.23857506465143
2023-01-18 05:00:00,32.8867309291118,32.8867309291118
2023-01-18 05:30:00,28.904058096578503,28.904058096578503
2023-01-18 06:00:00,29.15404200311083,29.15404200311083
2023-01-18 06:30:00,29.297133322179274,29.297133322179274
2023-01-18 07:00:00,26.86212395000057,26.86212395000057
2023-01-18 07:30:00,27.23360524437501,27.23360524437501
2023-01-18 08:00:00,26.420641180663836,26.420641180663836
2023-01-18 08:30:00,26.100926835265064,26.100926835265064
2023-01-18 09:00:00,26.638477526618672,26.638477526618672
2023-01-18 09:30:00,26.12790040837899,26.12790040837899
2023-01-18 10:00:00,27.61110217778917,27.61110217778917
2023-01-18 10:30:00,21.28354049691811,21.28354049691811
2023-01-18 11:00:00,23.96050464799153,23.96050464799153
2023-01-18 11:30:00,20.239948649000198,20.239948649000198
2023-01-18 12:00:00,19.233146243243922,19.233146243243922
2023-01-18 12:30:00,19.357779133294848,19.357779133294848
2023-01-18 13:00:00,14.474307378479711,14.474307378479711
2023-01-18 13:30:00,16.25471830020708,16.25471830020708
2023-01-18 14:00:00,14.673433473120165,14.673433473120165
2023-01-18 14:30:00,14.277055226624068,14.277055226624068
2023-01-18 15:00:00,12.941815322342318,12.941815322342318
2023-01-18 15:30:00,16.48167756565382,1.4816775656538184
2023-01-18 16:00:00,9.653610894153962,9.653610894153962
2023-01-18 16:30:00,9.386981117927242,9.386981117927242
2023-01-18 17:00:00,8.893016407250185,8.893016407250185
2023-01-18 17:30:00,8.894630124376944,8.894630124376944
2023-01-18 18:00:00,8.775447594501925,8.775447594501925
2023-01-18 18:30:00,12.65044642456473,12.65044642456473
2023-01-18 19:00:00,13.509202385563684,13.509202385563684
2023-01-18 19:30:00,10.089008130434333,10.089008130434333
2023-01-18 20:00:00,10.284588322515916,10.284588322515916
2023-01-18 20:30:00,13.754594273993511,13.754594273993511
2023-01-18 21:00:00,12.698055021835604,12.698055021835604
2023-01-18 21:30:00,16.169697209591842,16.169697209591842
2023-01-18 22:00:00,16.501953290067647,16.501953290067647
2023-01-18 22:30:00,14.326557751292674,14.326557751292674
2023-01-18 23:00:00,21.762140848922332,21.762140848922332
2023-01-18 23:30:00,23.59175534619104,23.59175534619104
2023-01-19 00:00:00,18.774422619031228,18.774422619031228
2023-01-19 00:30:00,20.55746643386582,20.55746643386582
2023-01-19 01:00:00,23.213684800162667,23.213684800162667
2023-01-19 01:30:00,24.572806331608998,24.572806331608998
2023-01-19 02:00:00,26.413254971264834,26.413254971264834
2023-01-19 02:30:00,30.217907967135147,30.217907967135147
2023-01-19 03:00:00,26.834342383791196,26.834342383791196
2023-01-19 03:30:00,26.454106042198724,26.454106042198724
2023-01-19 04:00:00,26.01086082603766,26.01086082603766
2023-01-19 04:30:00,27.869946030532187,27.869946030532187
2023-01-19 05:00:00,29.66133269190278,29.66133269190278
2023-01-19 05:30:00,33.538893877920614,33.538893877920614
2023-01-19 06:00:00,28.9591930392302,28.9591930392302
2023-01-19 06:30:00,30.308278443178086,30.308278443178086
2023-01-19 07:00:00,29.518179179923617,29.518179179923617
2023-01-19 07:30:00,31.447695684239573,31.447695684239573
2023-01-19 08:00:00,33.48278756591522,33.48278756591522
2023-01-19 08:30:00,26.574784419632678,26.574784419632678
2023-01-19 09:00:00,25.72896841635579,25.72896841635579
2023-01-19 09:30:00,27.747792697444094,27.747792697444094
2023-01-19 10:00:00,25.87388417141364,25.87388417141364
2023-01-19 10:30:00,26.97366322986776,26.97366322986776
2023-01-19 11:00:00,23.159716221690292,23.159716221690292
2023-01-19 11:30:00,19.949342155877098,19.949342155877098
2023-01-19 12:00:00,20.513383323933404,20.513383323933404
2023-01-19 12:30:00,20.225547310127457,20.225547310127457
2023-01-19 13:00:00,18.360715783999037,18.360715783999037
2023-01-19 13:30:00,16.504446870053574,16.504446870053574
2023-01-19 14:00:00,16.47387843587236,16.47387843587236
2023-01-19 14:30:00,15.630743879499114,15.630743879499114
2023-01-19 15:00:00,15.127796016601737,0.1277960166017369
2023-01-19 15:30:00,12.868497061011315,12.868497061011315
2023-01-19 16:00:00,10.594854702022886,10.594854702022886
2023-01-19 16:30:00,10.742402400797522,10.742402400797522
2023-01-19 17:00:00,12.552315393116427,12.552315393116427
2023-01-19 17:30:00,8.37171302072298,8.37171302072298
2023-01-19 18:00:00,10.787568466860762,10.787568466860762
2023-01-19 18:30:00,9.485735737694906,9.485735737694906
2023-01-19 19:00:00,10.72568353545361,10.72568353545361
2023-01-19 19:30:00,13.787404443147883,13.787404443147883
2023-01-19 20:00:00,12.331497604764179,12.331497604764179
2023-01-19 20:30:00,12.904636257533001,12.904636257533001
2023-01-19 21:00:00,11.082788828437709,11.082788828437709
2023-01-19 21:30:00,16.396340706135263,16.396340706135263
2023-01-19 22:00:00,17.387075610647198,17.387075610647198
2023-01-19 22:30:00,21.684555427898058,6.684555427898058
2023-01-19 23:00:00,18.05157397635621,18.05157397635621
2023-01-19 23:30:00,20.438300655327875,20.438300655327875
2023-01-20 00:00:00,20.49876736742151,20.49876736742151
2023-01-20 00:30:00,24.487776113264736,24.487776113264736
2023-01-20 01:00:00,22.451362953938954,22.451362953938954
2023-01-20 01:30:00,24.461935803175628,24.461935803175628
2023-01-20 02:00:00,26.31195944535225,26.31195944535225
2023-01-20 02:30:00,26.570717135915167,26.570717135915167
2023-01-20 03:00:00,26.295369609678236,26.295369609678236
2023-01-20 03:30:00,28.438880517072246,28.438880517072246
2023-01-20 04:00:00,30.916762781786257,30.916762781786257
2023-01-20 04:30:00,27.278775511593906,27.278775511593906
2023-01-20 05:00:00,29.993525985944125,29.993525985944125
2023-01-20 05:30:00,28.54953652100669,28.54953652100669
2023-01-20 06:00:00,32.38450889515223,32.38450889515223
2023-01-20 06:30:00,26.81432873033274,26.81432873033274
2023-01-20 07:00:00,28.433181277525946,28.433181277525946
2023-01-20 07:30:00,29.82533288747245,29.82533288747245
2023-01-20 08:00:00,31.559970772636653,31.559970772636653
2023-01-20 08:30:00,27.505021443327344,27.505021443327344
2023-01-20 09:00:00,25.59744824800584,25.59744824800584
2023-01-20 09:30:00,29.42178508218713,29.42178508218713
2023-01-20 10:00:00,21.614073391328528,21.614073391328528
2023-01-20 10:30:00,18.88263666515553,18.88263666515553
2023-01-20 11:00:00,22.87188875114503,22.87188875114503
2023-01-20 11:30:00,19.663817888745996,19.663817888745996
2023-01-20 12:00:00,17.28960802828736,17.28960802828736
2023-01-20 12:30:00,19.424853043560347,19.424853043560347
2023-01-20 13:00:00,17.207352849146705,17.207352849146705
2023-01-20 13:30:00,14.361741546365524,14.361741546365524
2023-01-20 14:00:00,11.779920259352263,-3.220079740647737
2023-01-20 14:30:00,15.037067355168059,15.037067355168059
2023-01-20 15:00:00,13.663880390444005,13.663880390444005
2023-01-20 15:30:00,11.372725558273263,11.372725558273263
2023-01-20 16:00:00,14.622364854751925,14.622364854751925
2023-01-20 16:30:00,8.308805495278571,8.308805495278571
2023-01-20 17:00:00,7.088247118250236,22.088247118250237
2023-01-20 17:30:00,8.621768222934964,8.621768222934964
2023-01-20 18:00:00,9.959049816403965,9.959049816403965
2023-01-20 18:30:00,10.759092260995011,10.759092260995011
2023-01-20 19:00:00,10.185721773871315,10.185721773871315
2023-01-20 19:30:00,11.93461151096188,11.93461151096188
2023-01-20 20:00:00,9.446220620343485,9.446220620343485
2023-01-20 20:30:00,15.699292369367223,15.699292369367223
2023-01-20 21:00:00,13.638198753612409,13.638198753612409
2023-01-20 21:30:00,17.138425237257074,17.138425237257074
2023-01-20 22:00:00,16.781557941120457,16.781557941120457
2023-01-20 22:30:00,18.271552419594705,18.271552419594705
2023-01-20 23:00:00,19.806665006726618,19.806665006726618
2023-01-20 23:30:00,20.895417120034626,20.895417120034626
2023-01-21 00:00:00,21.285445519735088,21.285445519735088
2023-01-21 00:30:00,23.99117461400265,23.99117461400265
2023-01-21 01:00:00,23.034996358115798,23.034996358115798
2023-01-21 01:30:00,25.321900266811973,25.321900266811973
2023-01-21 02:00:00,24.91669503734472,9.91669503734472
2023-01-21 02:30:00,29.077733320501395,29.077733320501395
2023-01-21 03:00:00,25.835452234660753,25.835452234660753
2023-01-21 03:30:00,31.65258139709726,31.65258139709726
2023-01-21 04:00:00,28.68918338077803,28.68918338077803
2023-01-21 04:30:00,26.47025590617993,26.47025590617993
2023-01-21 05:00:00,29.98379546747195,29.98379546747195
2023-01-21 05:30:00,28.587674835935275,28.587674835935275
2023-01-21 06:00:00,31.675702735279994,31.675702735279994
2023-01-21 06:30:00,28.555454581295507,28.555454581295507
2023-01-21 07:00:00,28.658658105639564,43.65865810563956
2023-01-21 07:30:00,25.291827675452346,25.291827675452346
2023-01-21 08:00:00,27.524310075669817,27.524310075669817
2023-01-21 08:30:00,22.78876331221541,22.78876331221541
2023-01-21 09:00:00,23.54004165442079,23.54004165442079
2023-01-21 09:30:00,27.180300255594545,12.180300255594545
2023-01-21 10:00:00,26.081701509462683,26.081701509462683
2023-01-21 10:30:00,24.131163701965622,24.131163701965622
2023-01-21 11:00:00,20.05790756477994,20.05790756477994
2023-01-21 11:30:00,20.572503625167258,20.572503625167258
2023-01-21 12:00:00,19.32486858436765,19.32486858436765
2023-01-21 12:30:00,15.691410770576555,15.691410770576555
2023-01-21 13:00:00,19.72654802513861,19.72654802513861
2023-01-21 13:30:00,17.244623388990323,17.244623388990323
2023-01-21 14:00:00,13.898600709034724,13.898600709034724
2023-01-21 14:30:00,13.34592437659683,13.34592437659683
2023-01-21 15:00:00,12.780243650421788,12.780243650421788
2023-01-21 15:30:00,7.487607548983448,7.487607548983448
2023-01-21 16:00:00,10.4347360976154,10.4347360976154
2023-01-21 16:30:00,9.08500653193528,9.08500653193528
2023-01-21 17:00:00,8.136057440309884,8.136057440309884
2023-01-21 17:30:00,9.443383776925543,9.443383776925543
2023-01-21 18:00:00,13.645594902814006,13.645594902814006
2023-01-21 18:30:00,11.554099084883648,11.554099084883648
2023-01-21 19:00:00,9.525835910018381,9.525835910018381
2023-01-21 19:30:00,12.375666280645603,12.375666280645603
2023-01-21 20:00:00,14.748010341896377,14.748010341896377
2023-01-21 20:30:00,14.661030527046242,14.661030527046242
2023-01-21 21:00:00,13.921761850237894,13.921761850237894
2023-01-21 21:30:00,13.609960018669673,13.609960018669673
2023-01-21 22:00:00,17.49255387559223,17.49255387559223
2023-01-21 22:30:00,18.145016752130637,18.145016752130637
2023-01-21 23:00:00,20.457516886317674,20.457516886317674
2023-01-21 23:30:00,21.270343603363937,21.270343603363937
2023-01-22 00:00:00,22.09910543063867,22.09910543063867
2023-01-22 00:30:00,20.26239913061665,20.26239913061665
2023-01-22 01:00:00,25.27674214998151,25.27674214998151
2023-01-22 01:30:00,24.299091961019748,24.299091961019748
2023-01-22 02:00:00,29.2466881711697,29.2466881711697
2023-01-22 02:30:00,24.819123253423314,24.819123253423314
2023-01-22 03:00:00,30.660164445109793,30.660164445109793
2023-01-22 03:30:00,28.446522098200926,28.446522098200926
2023-01-22 04:00:00,27.466663274837817,27.466663274837817
2023-01-22 04:30:00,28.364034442307382,28.364034442307382
2023-01-22 05:00:00,29.086892021261733,29.086892021261733
2023-01-22 05:30:00,30.798110043688872,30.798110043688872
2023-01-22 06:00:00,31.040086613373543,31.040086613373543
2023-01-22 06:30:00,28.71330253202313,28.71330253202313
2023-01-22 07:00:00,29.502315787547158,29.502315787547158
2023-01-22 07:30:00,33.355449854567134,18.355449854567134
2023-01-22 08:00:00,31.884009054369393,31.884009054369393
2023-01-22 08:30:00,28.509169304821384,28.509169304821384
2023-01-22 09:00:00,26.783854257728635,26.783854257728635
2023-01-22 09:30:00,25.899533596742472,25.899533596742472
2023-01-22 10:00:00,25.73713713762185,25.73713713762185
2023-01-22 10:30:00,21.23466344799888,21.23466344799888
2023-01-22 11:00:00,21.477106776191672,21.477106776191672
2023-01-22 11:30:00,17.330758189696038,17.330758189696038
2023-01-22 12:00:00,20.130519907759346,20.130519907759346
2023-01-22 12:30:00,19.30253202836712,19.30253202836712
2023-01-22 13:00:00,15.75337849700556,15.75337849700556
2023-01-22 13:30:00,18.637872334419047,18.637872334419047
2023-01-22 14:00:00,11.88899773068937,11.88899773068937
2023-01-22 14:30:00,10.363402938188129,10.363402938188129
2023-01-22 15:00:00,12.812381671646627,12.812381671646627
2023-01-22 15:30:00,13.665273891056337,13.665273891056337
2023-01-22 16:00:00,14.29694624557233,14.29694624557233
2023-01-22 16:30:00,9.531206502192996,9.531206502192996
2023-01-22 17:00:00,12.296659126962306,12.296659126962306
2023-01-22 17:30:00,9.92856742369604,9.92856742369604
2023-01-22 18:00:00,9.70496724923332,9.70496724923332
2023-01-22 18:30:00,12.039733237322972,12.039733237322972
2023-01-22 19:00:00,11.972839646410815,11.972839646410815
2023-01-22 19:30:00,8.077716403964786,8.077716403964786
2023-01-22 20:00:00,14.902380168176165,14.902380168176165
2023-01-22 20:30:00,15.571945869515606,15.571945869515606
2023-01-22 21:00:00,12.551375707378488,12.551375707378488
2023-01-22 21:30:00,15.695440640955638,15.695440640955638
2023-01-22 22:00:00,17.084167620930526,17.084167620930526
2023-01-22 22:30:00,17.879393512934953,17.879393512934953
2023-01-22 23:00:00,17.56652013857137,17.56652013857137
2023-01-22 23:30:00,18.656753264123893,18.656753264123893
2023-01-23 00:00:00,19.94889185801711,19.94889185801711
2023-01-23 00:30:00,23.678327592256515,23.678327592256515
2023-01-23 01:00:00,23.729154327901725,23.729154327901725
2023-01-23 01:30:00,23.162664087462737,23.162664087462737
2023-01-23 02:00:00,26.63956384721586,26.63956384721586
2023-01-23 02:30:00,20.5004136483423,20.5004136483423
2023-01-23 03:00:00,29.4857682395235,29.4857682395235
2023-01-23 03:30:00,24.57127297371943,24.57127297371943
2023-01-23 04:00:00,28.04461739926045,28.04461739926045
2023-01-23 04:30:00,27.092466321163737,27.092466321163737
2023-01-23 05:00:00,27.138223686208562,27.138223686208562
2023-01-23 05:30:00,32.271431725642074,32.271431725642074
2023-01-23 06:00:00,29.059013234678762,29.059013234678762
2023-01-23 06:30:00,30.55371030336172,30.55371030336172
2023-01-23 07:00:00,29.457183814310753,29.457183814310753
2023-01-23 07:30:00,30.024990791789648,30.024990791789648
2023-01-23 08:00:00,28.582566496288482,28.582566496288482
2023-01-23 08:30:00,25.07053751709618,25.07053751709618
2023-01-23 09:00:00,28.700380940286514,28.700380940286514
2023-01-23 09:30:00,24.671957776983326,9.671957776983326
2023-01-23 10:00:00,21.396937394841515,21.396937394841515
2023-01-23 10:30:00,22.424018256463867,22.424018256463867
2023-01-23 11:00:00,24.993379432306984,24.993379432306984
2023-01-23 11:30:00,22.368369821678204,22.368369821678204
2023-01-23 12:00:00,18.63476939373307,33.634769393733066
2023-01-23 12:30:00,17.309624740324782,17.309624740324782
2023-01-23 13:00:00,16.07648131916954,16.07648131916954
2023-01-23 13:30:00,19.64339477496066,19.64339477496066
2023-01-23 14:00:00,15.104399961157158,15.104399961157158
2023-01-23 14:30:00,14.152235992989908,14.152235992989908
2023-01-23 15:00:00,14.424044942590367,14.424044942590367
2023-01-23 15:30:00,12.048655603885056,12.048655603885056
2023-01-23 16:00:00,10.411006571015188,10.411006571015188
2023-01-23 16:30:00,10.05627532976092,10.05627532976092
2023-01-23 17:00:00,9.996094941271586,9.996094941271586
2023-01-23 17:30:00,9.93113988967777,9.93113988967777
2023-01-23 18:00:00,11.50548093638892,11.50548093638892
2023-01-23 18:30:00,10.376305133964227,10.376305133964227
2023-01-23 19:00:00,12.133474044015134,12.133474044015134
2023-01-23 19:30:00,11.06906755771612,11.06906755771612
2023-01-23 20:00:00,12.106569849356553,12.106569849356553
2023-01-23 20:30:00,8.815361792156487,8.815361792156487
2023-01-23 21:00:00,15.63515645980251,15.63515645980251
2023-01-23 21:30:00,15.596810525876807,15.596810525876807
2023-01-23 22:00:00,18.092127468084353,18.092127468084353
2023-01-23 22:30:00,11.565535224899758,11.565535224899758
2023-01-23 23:00:00,22.843879855823666,7.8438798558236655
2023-01-23 23:30:00,19.72082074368965,19.72082074368965
2023-01-24 00:00:00,22.216365633475032,22.216365633475032
2023-01-24 00:30:00,19.253057699486725,4.253057699486725
2023-01-24 01:00:00,23.867501828837998,23.867501828837998
2023-01-24 01:30:00,21.797061625287636,21.797061625287636
2023-01-24 02:00:00,23.84862850452756,23.84862850452756
2023-01-24 02:30:00,30.025561597336022,30.025561597336022
2023-01-24 03:00:00,26.8068720372526,26.8068720372526
2023-01-24 03:30:00,28.485566277635076,28.485566277635076
2023-01-24 04:00:00,30.509634743444224,30.509634743444224
2023-01-24 04:30:00,30.323169886361235,15.323169886361235
2023-01-24 05:00:00,30.028424447937525,30.028424447937525
2023-01-24 05:30:00,30.67970015581749,30.67970015581749
2023-01-24 06:00:00,34.801246807779094,34.801246807779094
2023-01-24 06:30:00,29.745464945833117,29.745464945833117
2023-01-24 07:00:00,29.953223065499056,29.953223065499056
2023-01-24 07:30:00,31.17221792935863,31.17221792935863
2023-01-24 08:00:00,30.639974580083937,30.639974580083937
2023-01-24 08:30:00,30.010582576594082,30.010582576594082
2023-01-24 09:00:00,27.985307745450605,27.985307745450605
2023-01-24 09:30:00,23.373461117844982,23.373461117844982
2023-01-24 10:00:00,27.776964256763208,27.776964256763208
2023-01-24 10:30:00,20.987557792358317,20.987557792358317
2023-01-24 11:00:00,22.59713078151643,22.59713078151643
2023-01-24 11:30:00,19.1593746374125,19.1593746374125
2023-01-24 12:00:00,19.203796969362802,19.203796969362802
2023-01-24 12:30:00,18.665664969568603,18.665664969568603
2023-01-24 13:00:00,17.362465852504855,17.362465852504855
2023-01-24 13:30:00,16.333740316309548,16.333740316309548
2023-01-24 14:00:00,17.567951594811348,17.567951594811348
2023-01-24 14:30:00,14.199221301635728,14.199221301635728
2023-01-24 15:00:00,11.875164763945385,11.875164763945385
2023-01-24 15:30:00,13.499251622408744,13.499251622408744
2023-01-24 16:00:00,13.308031840505874,13.308031840505874
2023-01-24 16:30:00,7.993759397656891,7.993759397656891
2023-01-24 17:00:00,11.33409759979943,11.33409759979943
2023-01-24 17:30:00,11.40792984731925,11.40792984731925
2023-01-24 18:00:00,9.455094842394976,24.455094842394978
2023-01-24 18:30:00,13.023826988972868,13.023826988972868
2023-01-24 19:00:00,10.368082715518922,10.368082715518922
2023-01-24 19:30:00,11.48165362487637,11.48165362487637
2023-01-24 20:00:00,11.603155820156633,11.603155820156633
2023-01-24 20:30:00,12.842921256383638,12.842921256383638
2023-01-24 21:00:00,11.609950936607143,11.609950936607143
2023-01-24 21:30:00,12.023731808892233,12.023731808892233
2023-01-24 22:00:00,19.28511737481499,19.28511737481499
2023-01-24 22:30:00,15.664123284650483,15.664123284650483
2023-01-24 23:00:00,16.684345747349596,16.684345747349596
2023-01-24 23:30:00,15.693219772792567,15.693219772792567
2023-01-25 00:00:00,18.722076504620997,18.722076504620997
2023-01-25 00:30:00,18.686689966922792,18.686689966922792
2023-01-25 01:00:00,25.925984338985597,25.925984338985597
2023-01-25 01:30:00,25.923526930320218,25.923526930320218
2023-01-25 02:00:00,23.719865735563726,23.719865735563726
2023-01-25 02:30:00,30.702370500291067,30.702370500291067
2023-01-25 03:00:00,29.151767812762483,29.151767812762483
2023-01-25 03:30:00,27.401037764258387,42.40103776425839
2023-01-25 04:00:00,23.77068785231957,23.77068785231957
2023-01-25 04:30:00,33.913691255597506,33.913691255597506
2023-01-25 05:00:00,26.94844170412318,26.94844170412318
2023-01-25 05:30:00,26.658980656971256,26.658980656971256
2023-01-25 06:00:00,32.039556501321826,32.039556501321826
2023-01-25 06:30:00,34.740207352578835,34.740207352578835
2023-01-25 07:00:00,32.31957060909016,32.31957060909016
2023-01-25 07:30:00,30.198727377448126,30.198727377448126
2023-01-25 08:00:00,29.618431397498544,29.618431397498544
2023-01-25 08:30:00,29.343353083033936,29.343353083033936
2023-01-25 09:00:00,28.225704480965764,28.225704480965764
2023-01-25 09:30:00,26.221853791244705,26.221853791244705
2023-01-25 10:00:00,24.71850340006477,24.71850340006477
2023-01-25 10:30:00,23.15506232259665,38.15506232259665
2023-01-25 11:00:00,20.48393067330501,20.48393067330501
2023-01-25 11:30:00,20.106576183717667,20.106576183717667
2023-01-25 12:00:00,15.946160034158016,15.946160034158016
2023-01-25 12:30:00,17.81146089537214,17.81146089537214
2023-01-25 13:00:00,14.742569207302473,14.742569207302473
2023-01-25 13:30:00,13.282720173407437,13.282720173407437
2023-01-25 14:00:00,14.700317359001009,14.700317359001009
2023-01-25 14:30:00,16.076157271296967,16.076157271296967
2023-01-25 15:00:00,14.200111246531309,14.200111246531309
2023-01-25 15:30:00,8.430076078585675,8.430076078585675
2023-01-25 16:00:00,8.949834589515918,8.949834589515918
2023-01-25 16:30:00,12.330517403907308,12.330517403907308
2023-01-25 17:00:00,8.174322673023095,8.174322673023095
2023-01-25 17:30:00,9.556318062703404,9.556318062703404
2023-01-25 18:00:00,11.150326047164064,11.150326047164064
2023-01-25 18:30:00,8.335724452622358,8.335724452622358
2023-01-25 19:00:00,10.878944901875895,10.878944901875895
2023-01-25 19:30:00,8.562449728096876,8.562449728096876
2023-01-25 20:00:00,10.746564180821945,-4.253435819178055
2023-01-25 20:30:00,13.451327029505777,13.451327029505777
2023-01-25 21:00:00,10.616513643334208,10.616513643334208
2023-01-25 21:30:00,15.784783050001618,15.784783050001618
2023-01-25 22:00:00,16.056831650511686,16.056831650511686
2023-01-25 22:30:00,18.463025890121433,18.463025890121433
2023-01-25 23:00:00,19.114958714391534,19.114958714391534
2023-01-25 23:30:00,22.728280859947684,7.728280859947684
2023-01-26 00:00:00,20.250449005295813,20.250449005295813
2023-01-26 00:30:00,20.474058471487282,20.474058471487282
2023-01-26 01:00:00,22.886549024777427,22.886549024777427
2023-01-26 01:30:00,24.990488809707724,24.990488809707724
2023-01-26 02:00:00,25.19388656657058,25.19388656657058
2023-01-26 02:30:00,26.278682272010215,26.278682272010215
2023-01-26 03:00:00,25.784253463165783,25.784253463165783
2023-01-26 03:30:00,26.724898696173735,26.724898696173735
2023-01-26 04:00:00,25.964288738467328,25.964288738467328
2023-01-26 04:30:00,32.8309595967899,32.8309595967899
2023-01-26 05:00:00,27.239860166867803,27.239860166867803
2023-01-26 05:30:00,28.563967755293223,28.563967755293223
2023-01-26 06:00:00,28.55760110616415,28.55760110616415
2023-01-26 06:30:00,31.65055129378917,31.65055129378917
2023-01-26 07:00:00,28.961125615485066,28.961125615485066
2023-01-26 07:30:00,31.566393282690875,31.566393282690875
2023-01-26 08:00:00,27.081941465680234,27.081941465680234
2023-01-26 08:30:00,28.194510289920924,28.194510289920924
2023-01-26 09:00:00,25.03715319487272,25.03715319487272
2023-01-26 09:30:00,29.949769198852728,29.949769198852728
2023-01-26 10:00:00,22.13490435410199,22.13490435410199
2023-01-26 10:30:00,23.899889998849748,23.899889998849748
2023-01-26 11:00:00,23.25941361290256,23.25941361290256
2023-01-26 11:30:00,21.495524532354214,36.49552453235421
2023-01-26 12:00:00,18.96149834479337,18.96149834479337
2023-01-26 12:30:00,17.74849874949479,17.74849874949479
2023-01-26 13:00:00,16.807374365562527,16.807374365562527
2023-01-26 13:30:00,15.195894804582002,15.195894804582002
2023-01-26 14:00:00,16.268287290283872,16.268287290283872
2023-01-26 14:30:00,17.71319870179047,17.71319870179047
2023-01-26 15:00:00,11.248494464511015,11.248494464511015
2023-01-26 15:30:00,8.831471326673874,8.831471326673874
2023-01-26 16:00:00,10.752526765954084,10.752526765954084
2023-01-26 16:30:00,15.608393703239514,15.608393703239514
2023-01-26 17:00:00,8.531948324160252,8.531948324160252
2023-01-26 17:30:00,13.283817973585588,13.283817973585588
2023-01-26 18:00:00,13.405623477267842,13.405623477267842
2023-01-26 18:30:00,9.165236878933639,9.165236878933639
2023-01-26 19:00:00,11.806160047954526,11.806160047954526
2023-01-26 19:30:00,14.48729396419036,14.48729396419036
2023-01-26 20:00:00,11.1910439867494,11.1910439867494
2023-01-26 20:30:00,12.40460244101598,12.40460244101598
2023-01-26 21:00:00,12.63913928250026,12.63913928250026
2023-01-26 21:30:00,12.874320112695088,12.874320112695088
2023-01-26 22:00:00,14.797552158233033,14.797552158233033
2023-01-26 22:30:00,14.910165447762624,14.910165447762624
2023-01-26 23:00:00,18.73529738278066,18.73529738278066
2023-01-26 23:30:00,18.460053537882715,18.460053537882715
2023-01-27 00:00:00,20.467571823581494,20.467571823581494
2023-01-27 00:30:00,18.221078261330533,18.221078261330533
2023-01-27 01:00:00,23.303714483141775,23.303714483141775
2023-01-27 01:30:00,25.5709506748528,25.5709506748528
2023-01-27 02:00:00,21.108695140776263,21.108695140776263
2023-01-27 02:30:00,26.945612029297592,26.945612029297592
2023-01-27 03:00:00,29.643574823725878,29.643574823725878
2023-01-27 03:30:00,25.63141849389322,25.63141849389322
2023-01-27 04:00:00,32.11464405574212,32.11464405574212
2023-01-27 04:30:00,30.169844129148114,30.169844129148114
2023-01-27 05:00:00,28.317562926133554,28.317562926133554
2023-01-27 05:30:00,29.838239995569626,29.838239995569626
2023-01-27 06:00:00,31.11106946234599,31.11106946234599
2023-01-27 06:30:00,30.012713322725112,30.012713322725112
2023-01-27 07:00:00,30.62853695696186,30.62853695696186
2023-01-27 07:30:00,27.229561951184674,27.229561951184674
2023-01-27 08:00:00,28.767644362240127,28.767644362240127
2023-01-27 08:30:00,24.80909297166336,24.80909297166336
2023-01-27 09:00:00,26.485395178694834,26.485395178694834
2023-01-27 09:30:00,23.851655660376373,23.851655660376373
2023-01-27 10:00:00,23.039041306981485,23.039041306981485
2023-01-27 10:30:00,25.752434928816566,25.752434928816566
2023-01-27 11:00:00,24.1744800922269,39.1744800922269
2023-01-27 11:30:00,21.88620257926557,21.88620257926557
2023-01-27 12:00:00,17.14744813320363,17.14744813320363
2023-01-27 12:30:00,17.375323249572038,17.375323249572038
2023-01-27 13:00:00,19.145946821562674,19.145946821562674
2023-01-27 13:30:00,15.77333263511879,15.77333263511879
2023-01-27 14:00:00,18.97918813665744,18.97918813665744
2023-01-27 14:30:00,14.078788377396512,14.078788377396512
2023-01-27 15:00:00,12.747576267506746,12.747576267506746
2023-01-27 15:30:00,10.952844357427026,10.952844357427026
2023-01-27 16:00:00,11.196172672221158,11.196172672221158
2023-01-27 16:30:00,10.144035355169787,10.144035355169787
2023-01-27 17:00:00,11.555514813476895,11.555514813476895
2023-01-27 17:30:00,11.918988996286622,11.918988996286622
2023-01-27 18:00:00,8.47824292809906,8.47824292809906
2023-01-27 18:30:00,7.609947455234072,7.609947455234072
2023-01-27 19:00:00,6.995783143377382,6.995783143377382
2023-01-27 19:30:00,12.246483371758373,12.246483371758373
2023-01-27 20:00:00,9.742566256376627,9.742566256376627
2023-01-27 20:30:00,8.505981975315738,8.505981975315738
2023-01-27 21:00:00,14.579658319459474,14.579658319459474
2023-01-27 21:30:00,19.889832608946403,19.889832608946403
2023-01-27 22:00:00,16.08396542528526,16.08396542528526
2023-01-27 22:30:00,19.035027530190423,19.035027530190423
2023-01-27 23:00:00,18.83078916335734,18.83078916335734
2023-01-27 23:30:00,19.802220693617713,19.802220693617713
2023-01-28 00:00:00,21.83815296597554,21.83815296597554
2023-01-28 00:30:00,20.752320465360484,20.752320465360484
2023-01-28 01:00:00,23.176738646856666,23.176738646856666
2023-01-28 01:30:00,24.547288364026976,24.547288364026976
2023-01-28 02:00:00,23.759985518633073,23.759985518633073
2023-01-28 02:30:00,28.181583588675494,28.181583588675494
2023-01-28 03:00:00,26.838317325388477,26.838317325388477
2023-01-28 03:30:00,26.53921021228994,26.53921021228994
2023-01-28 04:00:00,29.84251896920752,29.84251896920752
2023-01-28 04:30:00,27.53487014683395,42.53487014683395
2023-01-28 05:00:00,29.783948952388627,29.783948952388627
2023-01-28 05:30:00,29.931540157596633,29.931540157596633
2023-01-28 06:00:00,32.1662067689657,32.1662067689657
2023-01-28 06:30:00,30.810099005660195,30.810099005660195
2023-01-28 07:00:00,29.500971054578834,29.500971054578834
2023-01-28 07:30:00,30.70644173574398,30.70644173574398
2023-01-28 08:00:00,31.209337812202598,31.209337812202598
2023-01-28 08:30:00,28.752142578177047,28.752142578177047
2023-01-28 09:00:00,26.728552541078997,26.728552541078997
2023-01-28 09:30:00,23.03579847860563,23.03579847860563
2023-01-28 10:00:00,22.37987386601027,22.37987386601027
2023-01-28 10:30:00,22.669799169686357,22.669799169686357
2023-01-28 11:00:00,20.772835446719796,20.772835446719796
2023-01-28 11:30:00,20.293983731480324,20.293983731480324
2023-01-28 12:00:00,19.445373512343,19.445373512343
2023-01-28 12:30:00,19.0675256576751,19.0675256576751
2023-01-28 13:00:00,16.578753865486124,16.578753865486124
2023-01-28 13:30:00,16.462902095491383,16.462902095491383
2023-01-28 14:00:00,14.469477886314293,14.469477886314293
2023-01-28 14:30:00,9.341219565900026,9.341219565900026
2023-01-28 15:00:00,10.484807246889174,10.484807246889174
2023-01-28 15:30:00,11.282902174388798,11.282902174388798
2023-01-28 16:00:00,8.509701376974379,8.509701376974379
2023-01-28 16:30:00,11.648832487923285,-3.3511675120767155
2023-01-28 17:00:00,13.200799124787109,13.200799124787109
2023-01-28 17:30:00,12.443108066092087,12.443108066092087
2023-01-28 18:00:00,9.623336107254545,9.623336107254545
2023-01-28 18:30:00,13.253865636049532,13.253865636049532
2023-01-28 19:00:00,10.965528803988198,10.965528803988198
2023-01-28 19:30:00,10.556328775697207,10.556328775697207
2023-01-28 20:00:00,10.722494141642493,10.722494141642493
2023-01-28 20:30:00,12.206823788244447,12.206823788244447
2023-01-28 21:00:00,13.026147473315088,13.026147473315088
2023-01-28 21:30:00,15.244666018831797,15.244666018831797
2023-01-28 22:00:00,16.417255210464777,16.417255210464777
2023-01-28 22:30:00,17.364138021593966,17.364138021593966
2023-01-28 23:00:00,19.54100678575491,19.54100678575491
2023-01-28 23:30:00,22.381292549572677,22.381292549572677
2023-01-29 00:00:00,21.899108270882646,21.899108270882646
2023-01-29 00:30:00,18.36307361683798,18.36307361683798
2023-01-29 01:00:00,17.53411174890895,17.53411174890895
2023-01-29 01:30:00,25.772532574113498,25.772532574113498
2023-01-29 02:00:00,22.36240902908833,22.36240902908833
2023-01-29 02:30:00,25.74796808581708,25.74796808581708
2023-01-29 03:00:00,24.848010786660574,24.848010786660574
2023-01-29 03:30:00,24.44673965611559,24.44673965611559
2023-01-29 04:00:00,29.85242473847629,29.85242473847629
2023-01-29 04:30:00,30.85011643102132,30.85011643102132
2023-01-29 05:00:00,28.574565836196932,28.574565836196932
2023-01-29 05:30:00,24.76769356659522,24.76769356659522
2023-01-29 06:00:00,28.90192674079758,28.90192674079758
2023-01-29 06:30:00,30.64431055070538,30.64431055070538
2023-01-29 07:00:00,26.593201834520865,26.593201834520865
2023-01-29 07:30:00,29.437628976901717,29.437628976901717
2023-01-29 08:00:00,28.39830301582198,28.39830301582198
2023-01-29 08:30:00,28.7951049646755,28.7951049646755
2023-01-29 09:00:00,26.94700803822054,26.94700803822054
2023-01-29 09:30:00,23.71333306154284,23.71333306154284
2023-01-29 10:00:00,26.90324419549,26.90324419549
2023-01-29 10:30:00,22.963189432341753,22.963189432341753
2023-01-29 11:00:00,21.937250772018498,21.937250772018498
2023-01-29 11:30:00,18.801390419304823,18.801390419304823
2023-01-29 12:00:00,18.445509160165766,18.445509160165766
2023-01-29 12:30:00,16.23853472090784,16.23853472090784
2023-01-29 13:00:00,16.373859301757463,16.373859301757463
2023-01-29 13:30:00,18.913315768123667,18.913315768123667
2023-01-29 14:00:00,11.596726770831339,11.596726770831339
2023-01-29 14:30:00,10.065029902854286,10.065029902854286
2023-01-29 15:00:00,15.305818689513899,15.305818689513899
2023-01-29 15:30:00,11.152429931528296,11.152429931528296
2023-01-29 16:00:00,9.590945385336761,-5.409054614663239
2023-01-29 16:30:00,12.52878440272303,12.52878440272303
2023-01-29 17:00:00,8.928066380625985,8.928066380625985
2023-01-29 17:30:00,13.657603789791326,28.657603789791324
2023-01-29 18:00:00,11.406073591793499,11.406073591793499
2023-01-29 18:30:00,9.296590546058223,9.296590546058223
2023-01-29 19:00:00,14.982810316114982,14.982810316114982
2023-01-29 19:30:00,10.019070871926608,10.019070871926608
2023-01-29 20:00:00,13.433490212742987,13.433490212742987
2023-01-29 20:30:00,13.410348322033688,13.410348322033688
2023-01-29 21:00:00,16.405983689195143,16.405983689195143
2023-01-29 21:30:00,18.026855967534527,18.026855967534527
2023-01-29 22:00:00,16.16011554649658,16.16011554649658
2023-01-29 22:30:00,15.85121024059477,15.85121024059477
2023-01-29 23:00:00,19.587074732140444,4.587074732140444
2023-01-29 23:30:00,18.644569260495786,18.644569260495786
2023-01-30 00:00:00,24.026774495053246,24.026774495053246
2023-01-30 00:30:00,21.60594021590326,21.60594021590326
2023-01-30 01:00:00,21.91131091608864,21.91131091608864
2023-01-30 01:30:00,24.273253363364766,24.273253363364766
2023-01-30 02:00:00,22.401913846859777,22.401913846859777
2023-01-30 02:30:00,24.254270812581147,24.254270812581147
2023-01-30 03:00:00,29.589064654668142,29.589064654668142
2023-01-30 03:30:00,26.736911973332838,26.736911973332838
2023-01-30 04:00:00,26.675677316702835,26.675677316702835
2023-01-30 04:30:00,30.4051116154706,30.4051116154706
2023-01-30 05:00:00,32.09899494697637,32.09899494697637
2023-01-30 05:30:00,31.38768477221517,31.38768477221517
2023-01-30 06:00:00,31.986511008914178,31.986511008914178
2023-01-30 06:30:00,28.347112362761365,28.347112362761365
2023-01-30 07:00:00,26.707403638585433,26.707403638585433
2023-01-30 07:30:00,32.07357644125438,32.07357644125438
2023-01-30 08:00:00,27.7835630364837,27.7835630364837
2023-01-30 08:30:00,27.134855932563227,27.134855932563227
2023-01-30 09:00:00,29.364235585090352,29.364235585090352
2023-01-30 09:30:00,26.77193096210727,26.77193096210727
2023-01-30 10:00:00,25.421876736324233,25.421876736324233
2023-01-30 10:30:00,27.61025326819786,27.61025326819786
2023-01-30 11:00:00,20.704823390278076,20.704823390278076
2023-01-30 11:30:00,22.523606593613692,22.523606593613692
2023-01-30 12:00:00,19.446099912342955,4.446099912342955
2023-01-30 12:30:00,18.545324706688156,18.545324706688156
2023-01-30 13:00:00,19.77668827442937,19.77668827442937
2023-01-30 13:30:00,16.505570320418226,31.505570320418226
2023-01-30 14:00:00,15.417121214793319,15.417121214793319
2023-01-30 14:30:00,15.437167373227373,30.437167373227375
2023-01-30 15:00:00,11.633572575440912,-3.366427424559088
2023-01-30 15:30:00,9.892657951154016,9.892657951154016
2023-01-30 16:00:00,8.839472474614526,8.839472474614526
2023-01-30 16:30:00,6.516261849178873,6.516261849178873
2023-01-30 17:00:00,14.251711719980358,14.251711719980358
2023-01-30 17:30:00,7.799167631254087,7.799167631254087
2023-01-30 18:00:00,9.607714601943416,9.607714601943416
2023-01-30 18:30:00,9.718786762571787,9.718786762571787
2023-01-30 19:00:00,11.283007285202176,11.283007285202176
2023-01-30 19:30:00,12.861975143011879,12.861975143011879
2023-01-30 20:00:00,13.670246445443864,13.670246445443864
2023-01-30 20:30:00,11.645608284082826,11.645608284082826
2023-01-30 21:00:00,13.468257682824724,13.468257682824724
2023-01-30 21:30:00,15.46899347505742,15.46899347505742
2023-01-30 22:00:00,15.598724995997953,15.598724995997953
2023-01-30 22:30:00,20.572737133327124,20.572737133327124
2023-01-30 23:00:00,19.649080349538714,19.649080349538714
2023-01-30 23:30:00,21.469755572099633,21.469755572099633
